/mnt/p/SIH26158/__NEW/Final.mp4
{'use_calib': False, 'single_thread': False, 'dataset': {'subsample': 1, 'img_downsample': 1, 'center_principle_point': True}, 'matching': {'max_iter': 15, 'lambda_init': 1e-08, 'convergence_thresh': 1e-06, 'dist_thresh': 0.1, 'radius': 3, 'dilation_max': 5}, 'tracking': {'min_match_frac': 0.05, 'max_iters': 75, 'C_conf': 0.0, 'Q_conf': 1.5, 'rel_error': 0.001, 'delta_norm': 0.001, 'huber': 1.345, 'match_frac_thresh': 0.333, 'sigma_ray': 0.003, 'sigma_dist': 10.0, 'sigma_pixel': 1.0, 'sigma_depth': 10.0, 'sigma_point': 0.05, 'pixel_border': -10, 'depth_eps': 1e-06, 'filtering_mode': 'weighted_pointmap', 'filtering_score': 'median'}, 'local_opt': {'pin': 1, 'window_size': 1000000.0, 'C_conf': 0.0, 'Q_conf': 1.5, 'min_match_frac': 0.1, 'pixel_border': -10, 'depth_eps': 1e-06, 'max_iters': 20, 'sigma_ray': 0.003, 'sigma_dist': 10.0, 'sigma_pixel': 1.0, 'sigma_depth': 10.0, 'sigma_point': 0.05, 'delta_norm': 1e-08, 'use_cuda': True}, 'retrieval': {'k': 3, 'min_thresh': 0.005}, 'reloc': {'min_match_frac': 0.3, 'strict': True}}
/home/ahua8/mast3r/MASt3R-SLAM/thirdparty/mast3r/mast3r/model.py:24: FutureWarning: You are using `torch.load` with `weights_only=False` (the current default value), which uses the default pickle module implicitly. It is possible to construct malicious pickle data which will execute arbitrary code during unpickling (See https://github.com/pytorch/pytorch/blob/main/SECURITY.md#untrusted-models for more details). In a future release, the default value for `weights_only` will be flipped to `True`. This limits the functions that could be executed during unpickling. Arbitrary objects will no longer be allowed to be loaded via this mode unless they are explicitly allowlisted by the user via `torch.serialization.add_safe_globals`. We recommend you start setting `weights_only=True` for any use case where you don't have full control of the loaded file. Please open an issue on GitHub for any issues related to this experimental feature.
  ckpt = torch.load(model_path, map_location='cpu')
/home/ahua8/mast3r/MASt3R-SLAM/thirdparty/mast3r/mast3r/retrieval/processor.py:70: FutureWarning: You are using `torch.load` with `weights_only=False` (the current default value), which uses the default pickle module implicitly. It is possible to construct malicious pickle data which will execute arbitrary code during unpickling (See https://github.com/pytorch/pytorch/blob/main/SECURITY.md#untrusted-models for more details). In a future release, the default value for `weights_only` will be flipped to `True`. This limits the functions that could be executed during unpickling. Arbitrary objects will no longer be allowed to be loaded via this mode unless they are explicitly allowlisted by the user via `torch.serialization.add_safe_globals`. We recommend you start setting `weights_only=True` for any use case where you don't have full control of the loaded file. Please open an issue on GitHub for any issues related to this experimental feature.
  ckpt = torch.load(modelname, 'cpu')  # TODO from pretrained to download it automatically
/home/ahua8/mast3r/MASt3R-SLAM/mast3r_slam/frame.py:116: UserWarning: The given NumPy array is not writable, and PyTorch does not support non-writable tensors. This means writing to this tensor will result in undefined behavior. You may want to copy the array to protect its data or make it writable before converting it to a tensor. This type of warning will be suppressed for the rest of this program. (Triggered internally at ../torch/csrc/utils/tensor_numpy.cpp:206.)
  uimg = torch.from_numpy(img["unnormalized_img"]) / 255.0
torchcodec is not installed. This may slow down the dataloader
... loading model from checkpoints/MASt3R_ViTLarge_BaseDecoder_512_catmlpdpt_metric.pth
instantiating : AsymmetricMASt3R(enc_depth=24, dec_depth=12, enc_embed_dim=1024, dec_embed_dim=768, enc_num_heads=16, dec_num_heads=12, pos_embed='RoPE100',img_size=(512, 512), head_type='catmlp+dpt', output_mode='pts3d+desc24', depth_mode=('exp', -inf, inf), conf_mode=('exp', 1, inf), patch_embed_cls='PatchEmbedDust3R', two_confs=True, desc_conf_mode=('exp', 0, inf), landscape_only=False)
<All keys matched successfully>
Loading retrieval model from checkpoints/MASt3R_ViTLarge_BaseDecoder_512_catmlpdpt_metric_retrieval_trainingfree.pth

==============================
REAL-TIME STREAM STARTED
==============================

[STREAM] frame=000 t=  0.0s start_lag=    1.5ms completion_lag=  508.0ms
[STREAM] frame=001 t=  0.0s start_lag=  509.3ms completion_lag=  895.6ms
[STREAM] frame=002 t=  0.0s start_lag=  879.5ms completion_lag= 1124.6ms
[STREAM] frame=003 t=  0.0s start_lag= 1109.0ms completion_lag= 1336.8ms
[STREAM] frame=004 t=  0.1s start_lag= 1321.2ms completion_lag= 1553.1ms
[STREAM] frame=005 t=  0.1s start_lag= 1536.9ms completion_lag= 1765.0ms
[STREAM] frame=006 t=  0.1s start_lag= 1749.3ms completion_lag= 1982.4ms
[STREAM] frame=007 t=  0.1s start_lag= 1967.0ms completion_lag= 2201.0ms
[STREAM] frame=008 t=  0.1s start_lag= 2185.7ms completion_lag= 2421.7ms
[STREAM] frame=009 t=  0.1s start_lag= 2406.0ms completion_lag= 2636.7ms
[STREAM] frame=010 t=  0.2s start_lag= 2620.4ms completion_lag= 2851.7ms
[STREAM] frame=011 t=  0.2s start_lag= 2835.4ms completion_lag= 3077.9ms
[STREAM] frame=012 t=  0.2s start_lag= 3061.8ms completion_lag= 3299.9ms
[STREAM] frame=013 t=  0.2s start_lag= 3284.2ms completion_lag= 3527.9ms
[STREAM] frame=014 t=  0.2s start_lag= 3512.0ms completion_lag= 3753.6ms
[STREAM] frame=015 t=  0.2s start_lag= 3737.9ms completion_lag= 3984.2ms
[STREAM] frame=016 t=  0.3s start_lag= 3967.9ms completion_lag= 4213.5ms
[STREAM] frame=017 t=  0.3s start_lag= 4197.9ms completion_lag= 4449.7ms
[STREAM] frame=018 t=  0.3s start_lag= 4433.4ms completion_lag= 4676.7ms
[STREAM] frame=019 t=  0.3s start_lag= 4661.0ms completion_lag= 4919.7ms
[STREAM] frame=020 t=  0.3s start_lag= 4903.7ms completion_lag= 5149.9ms
[STREAM] frame=021 t=  0.3s start_lag= 5134.2ms completion_lag= 5391.8ms
[STREAM] frame=022 t=  0.4s start_lag= 5375.5ms completion_lag= 5634.9ms
[STREAM] frame=023 t=  0.4s start_lag= 5619.4ms completion_lag= 5879.9ms
[STREAM] frame=024 t=  0.4s start_lag= 5864.2ms completion_lag= 6128.9ms
[STREAM] frame=025 t=  0.4s start_lag= 6112.6ms completion_lag= 6374.6ms
[STREAM] frame=026 t=  0.4s start_lag= 6358.9ms completion_lag= 6623.7ms
[STREAM] frame=027 t=  0.4s start_lag= 6608.1ms completion_lag= 6867.9ms
[STREAM] frame=028 t=  0.5s start_lag= 6851.6ms completion_lag= 7116.6ms
[STREAM] frame=029 t=  0.5s start_lag= 7101.1ms completion_lag= 7373.1ms
[STREAM] frame=030 t=  0.5s start_lag= 7357.7ms completion_lag= 7621.5ms
FPS: 3.7012490207049606
[STREAM] frame=031 t=  0.5s start_lag= 7606.0ms completion_lag= 7871.3ms
[STREAM] frame=032 t=  0.5s start_lag= 7855.2ms completion_lag= 8117.9ms
[STREAM] frame=033 t=  0.5s start_lag= 8102.2ms completion_lag= 8373.4ms
[STREAM] frame=034 t=  0.6s start_lag= 8357.3ms completion_lag= 8629.0ms
[STREAM] frame=035 t=  0.6s start_lag= 8613.2ms completion_lag= 8882.1ms
[STREAM] frame=036 t=  0.6s start_lag= 8865.9ms completion_lag= 9137.4ms
[STREAM] frame=037 t=  0.6s start_lag= 9121.1ms completion_lag= 9399.1ms
[STREAM] frame=038 t=  0.6s start_lag= 9382.8ms completion_lag= 9657.4ms
[STREAM] frame=039 t=  0.6s start_lag= 9641.7ms completion_lag= 9912.8ms
[STREAM] frame=040 t=  0.7s start_lag= 9896.5ms completion_lag=10179.0ms
[STREAM] frame=041 t=  0.7s start_lag=10163.0ms completion_lag=10434.7ms
[STREAM] frame=042 t=  0.7s start_lag=10418.9ms completion_lag=10695.8ms
[STREAM] frame=043 t=  0.7s start_lag=10679.5ms completion_lag=10956.6ms
[STREAM] frame=044 t=  0.7s start_lag=10940.5ms completion_lag=11215.4ms
[STREAM] frame=045 t=  0.7s start_lag=11199.1ms completion_lag=11475.7ms
[STREAM] frame=046 t=  0.8s start_lag=11459.4ms completion_lag=11746.1ms
[STREAM] frame=047 t=  0.8s start_lag=11729.8ms completion_lag=12011.7ms
[STREAM] frame=048 t=  0.8s start_lag=11995.4ms completion_lag=12274.4ms
[STREAM] frame=049 t=  0.8s start_lag=12258.1ms completion_lag=12548.5ms
[STREAM] frame=050 t=  0.8s start_lag=12532.3ms completion_lag=12817.3ms
[STREAM] frame=051 t=  0.8s start_lag=12801.0ms completion_lag=13106.6ms
[STREAM] frame=052 t=  0.9s start_lag=13090.9ms completion_lag=13378.6ms
[STREAM] frame=053 t=  0.9s start_lag=13362.3ms completion_lag=13654.2ms
[STREAM] frame=054 t=  0.9s start_lag=13638.0ms completion_lag=13933.2ms
[STREAM] frame=055 t=  0.9s start_lag=13916.9ms completion_lag=14211.6ms
[STREAM] frame=056 t=  0.9s start_lag=14195.3ms completion_lag=14479.8ms
[STREAM] frame=057 t=  0.9s start_lag=14463.5ms completion_lag=14763.2ms
[STREAM] frame=058 t=  1.0s start_lag=14747.0ms completion_lag=15037.5ms
[STREAM] frame=059 t=  1.0s start_lag=15021.5ms completion_lag=15318.1ms
[STREAM] frame=060 t=  1.0s start_lag=15301.8ms completion_lag=15598.2ms
FPS: 3.6182567244857093
[STREAM] frame=061 t=  1.0s start_lag=15582.6ms completion_lag=15869.8ms
[STREAM] frame=062 t=  1.0s start_lag=15854.1ms completion_lag=16152.0ms
[STREAM] frame=063 t=  1.0s start_lag=16136.8ms completion_lag=16439.0ms
[STREAM] frame=064 t=  1.1s start_lag=16422.7ms completion_lag=16723.8ms
[STREAM] frame=065 t=  1.1s start_lag=16708.2ms completion_lag=16999.0ms
[STREAM] frame=066 t=  1.1s start_lag=16983.3ms completion_lag=17285.6ms
[STREAM] frame=067 t=  1.1s start_lag=17269.9ms completion_lag=17572.9ms
[STREAM] frame=068 t=  1.1s start_lag=17556.6ms completion_lag=17857.9ms
[STREAM] frame=069 t=  1.1s start_lag=17841.6ms completion_lag=18150.3ms
[STREAM] frame=070 t=  1.2s start_lag=18134.2ms completion_lag=18440.5ms
[STREAM] frame=071 t=  1.2s start_lag=18424.6ms completion_lag=18731.4ms
[STREAM] frame=072 t=  1.2s start_lag=18715.2ms completion_lag=19029.8ms
[STREAM] frame=073 t=  1.2s start_lag=19014.0ms completion_lag=19324.7ms
[STREAM] frame=074 t=  1.2s start_lag=19308.9ms completion_lag=19623.0ms
[STREAM] frame=075 t=  1.2s start_lag=19606.8ms completion_lag=19929.8ms
[STREAM] frame=076 t=  1.3s start_lag=19914.1ms completion_lag=20225.8ms
[STREAM] frame=077 t=  1.3s start_lag=20209.6ms completion_lag=20522.4ms
[STREAM] frame=078 t=  1.3s start_lag=20506.8ms completion_lag=20825.5ms
[STREAM] frame=079 t=  1.3s start_lag=20810.0ms completion_lag=21131.4ms
[STREAM] frame=080 t=  1.3s start_lag=21115.4ms completion_lag=21451.1ms
[STREAM] frame=081 t=  1.3s start_lag=21435.4ms completion_lag=21747.7ms
[STREAM] frame=082 t=  1.4s start_lag=21731.5ms completion_lag=22055.4ms
[STREAM] frame=083 t=  1.4s start_lag=22039.1ms completion_lag=22361.1ms
[STREAM] frame=084 t=  1.4s start_lag=22345.5ms completion_lag=22664.6ms
[STREAM] frame=085 t=  1.4s start_lag=22648.7ms completion_lag=22967.6ms
[STREAM] frame=086 t=  1.4s start_lag=22951.3ms completion_lag=23272.5ms
[STREAM] frame=087 t=  1.4s start_lag=23256.2ms completion_lag=23586.0ms
[STREAM] frame=088 t=  1.5s start_lag=23570.4ms completion_lag=23888.0ms
[STREAM] frame=089 t=  1.5s start_lag=23871.7ms completion_lag=24193.7ms
[STREAM] frame=090 t=  1.5s start_lag=24177.4ms completion_lag=24504.7ms
FPS: 3.4629287849113553
[STREAM] frame=091 t=  1.5s start_lag=24488.5ms completion_lag=24823.6ms
[STREAM] frame=092 t=  1.5s start_lag=24807.3ms completion_lag=25132.0ms
[STREAM] frame=093 t=  1.5s start_lag=25115.8ms completion_lag=25434.0ms
[STREAM] frame=094 t=  1.6s start_lag=25418.3ms completion_lag=25747.9ms
[STREAM] frame=095 t=  1.6s start_lag=25731.6ms completion_lag=26050.3ms
[STREAM] frame=096 t=  1.6s start_lag=26034.6ms completion_lag=26368.0ms
[STREAM] frame=097 t=  1.6s start_lag=26351.7ms completion_lag=26686.9ms
[STREAM] frame=098 t=  1.6s start_lag=26670.7ms completion_lag=26996.1ms
[STREAM] frame=099 t=  1.6s start_lag=26980.1ms completion_lag=27312.4ms
[STREAM] frame=100 t=  1.7s start_lag=27296.1ms completion_lag=27632.7ms
[STREAM] frame=101 t=  1.7s start_lag=27617.0ms completion_lag=27949.1ms
[STREAM] frame=102 t=  1.7s start_lag=27933.1ms completion_lag=28284.2ms
[STREAM] frame=103 t=  1.7s start_lag=28268.2ms completion_lag=28596.3ms
[STREAM] frame=104 t=  1.7s start_lag=28580.6ms completion_lag=28916.9ms
[STREAM] frame=105 t=  1.7s start_lag=28900.6ms completion_lag=29229.7ms
[STREAM] frame=106 t=  1.8s start_lag=29213.4ms completion_lag=29545.0ms
[STREAM] frame=107 t=  1.8s start_lag=29528.6ms completion_lag=29873.5ms
[STREAM] frame=108 t=  1.8s start_lag=29857.2ms completion_lag=30204.9ms
[STREAM] frame=109 t=  1.8s start_lag=30188.6ms completion_lag=30521.1ms
[STREAM] frame=110 t=  1.8s start_lag=30505.4ms completion_lag=30863.2ms
[STREAM] frame=111 t=  1.8s start_lag=30846.9ms completion_lag=31221.4ms
[STREAM] frame=112 t=  1.9s start_lag=31208.0ms completion_lag=31573.2ms
[STREAM] frame=113 t=  1.9s start_lag=31556.9ms completion_lag=31928.2ms
[STREAM] frame=114 t=  1.9s start_lag=31912.5ms completion_lag=32278.1ms
[STREAM] frame=115 t=  1.9s start_lag=32261.9ms completion_lag=32632.5ms
[STREAM] frame=116 t=  1.9s start_lag=32616.8ms completion_lag=32990.3ms
[STREAM] frame=117 t=  1.9s start_lag=32974.7ms completion_lag=33338.2ms
[STREAM] frame=118 t=  2.0s start_lag=33321.9ms completion_lag=33693.4ms
[STREAM] frame=119 t=  2.0s start_lag=33677.1ms completion_lag=34050.4ms
[STREAM] frame=120 t=  2.0s start_lag=34034.7ms completion_lag=34395.7ms
FPS: 3.2984240471605326
[STREAM] frame=121 t=  2.0s start_lag=34379.5ms completion_lag=34741.4ms
[STREAM] frame=122 t=  2.0s start_lag=34725.8ms completion_lag=35095.8ms
[STREAM] frame=123 t=  2.0s start_lag=35080.1ms completion_lag=35458.6ms
[STREAM] frame=124 t=  2.1s start_lag=35442.8ms completion_lag=35799.0ms
[STREAM] frame=125 t=  2.1s start_lag=35782.6ms completion_lag=36166.2ms
[STREAM] frame=126 t=  2.1s start_lag=36149.9ms completion_lag=36523.2ms
[STREAM] frame=127 t=  2.1s start_lag=36506.9ms completion_lag=36875.2ms
[STREAM] frame=128 t=  2.1s start_lag=36859.1ms completion_lag=37233.2ms
[STREAM] frame=129 t=  2.1s start_lag=37217.2ms completion_lag=37597.5ms
[STREAM] frame=130 t=  2.2s start_lag=37581.2ms completion_lag=37960.4ms
[STREAM] frame=131 t=  2.2s start_lag=37944.1ms completion_lag=38320.4ms
[STREAM] frame=132 t=  2.2s start_lag=38304.1ms completion_lag=38681.2ms
[STREAM] frame=133 t=  2.2s start_lag=38664.9ms completion_lag=39049.4ms
[STREAM] frame=134 t=  2.2s start_lag=39033.0ms completion_lag=39417.3ms
[STREAM] frame=135 t=  2.2s start_lag=39401.6ms completion_lag=39780.2ms
[STREAM] frame=136 t=  2.3s start_lag=39763.9ms completion_lag=40141.5ms
[STREAM] frame=137 t=  2.3s start_lag=40125.2ms completion_lag=40517.7ms
[STREAM] frame=138 t=  2.3s start_lag=40501.6ms completion_lag=40874.0ms
[STREAM] frame=139 t=  2.3s start_lag=40857.7ms completion_lag=41248.4ms
[STREAM] frame=140 t=  2.3s start_lag=41232.1ms completion_lag=41617.1ms
[STREAM] frame=141 t=  2.3s start_lag=41601.0ms completion_lag=41988.4ms
[STREAM] frame=142 t=  2.4s start_lag=41972.4ms completion_lag=42349.4ms
[STREAM] frame=143 t=  2.4s start_lag=42333.8ms completion_lag=42717.9ms
[STREAM] frame=144 t=  2.4s start_lag=42701.7ms completion_lag=43082.6ms
[STREAM] frame=145 t=  2.4s start_lag=43066.9ms completion_lag=43468.0ms
[STREAM] frame=146 t=  2.4s start_lag=43451.7ms completion_lag=43841.1ms
[STREAM] frame=147 t=  2.4s start_lag=43824.8ms completion_lag=44236.6ms
[STREAM] frame=148 t=  2.5s start_lag=44220.8ms completion_lag=44614.5ms
[STREAM] frame=149 t=  2.5s start_lag=44598.8ms completion_lag=44996.6ms
[STREAM] frame=150 t=  2.5s start_lag=44980.7ms completion_lag=45382.3ms
FPS: 3.133608206212994
[STREAM] frame=151 t=  2.5s start_lag=45366.3ms completion_lag=45774.4ms
[STREAM] frame=152 t=  2.5s start_lag=45758.1ms completion_lag=46161.4ms
[STREAM] frame=153 t=  2.5s start_lag=46145.5ms completion_lag=46552.0ms
[STREAM] frame=154 t=  2.6s start_lag=46536.3ms completion_lag=46932.9ms
[STREAM] frame=155 t=  2.6s start_lag=46917.2ms completion_lag=47324.9ms
[STREAM] frame=156 t=  2.6s start_lag=47308.9ms completion_lag=47699.6ms
[STREAM] frame=157 t=  2.6s start_lag=47683.9ms completion_lag=48087.9ms
[STREAM] frame=158 t=  2.6s start_lag=48072.2ms completion_lag=48470.9ms
[STREAM] frame=159 t=  2.6s start_lag=48455.2ms completion_lag=48850.0ms
[STREAM] frame=160 t=  2.7s start_lag=48834.3ms completion_lag=49228.5ms
[STREAM] frame=161 t=  2.7s start_lag=49212.2ms completion_lag=49616.4ms
[STREAM] frame=162 t=  2.7s start_lag=49600.1ms completion_lag=50007.8ms
[STREAM] frame=163 t=  2.7s start_lag=49992.2ms completion_lag=50405.1ms
[STREAM] frame=164 t=  2.7s start_lag=50389.4ms completion_lag=50805.0ms
[STREAM] frame=165 t=  2.7s start_lag=50788.9ms completion_lag=51199.7ms
[STREAM] frame=166 t=  2.8s start_lag=51183.5ms completion_lag=51616.6ms
[STREAM] frame=167 t=  2.8s start_lag=51600.5ms completion_lag=52029.9ms
[STREAM] frame=168 t=  2.8s start_lag=52013.5ms completion_lag=52432.8ms
[STREAM] frame=169 t=  2.8s start_lag=52417.2ms completion_lag=52834.0ms
[STREAM] frame=170 t=  2.8s start_lag=52818.3ms completion_lag=53241.0ms
[STREAM] frame=171 t=  2.8s start_lag=53224.7ms completion_lag=53629.0ms
[STREAM] frame=172 t=  2.9s start_lag=53613.4ms completion_lag=54019.3ms
[STREAM] frame=173 t=  2.9s start_lag=54003.1ms completion_lag=54416.5ms
[STREAM] frame=174 t=  2.9s start_lag=54400.8ms completion_lag=54840.0ms
[STREAM] frame=175 t=  2.9s start_lag=54823.7ms completion_lag=55265.9ms
[STREAM] frame=176 t=  2.9s start_lag=55250.2ms completion_lag=55663.9ms
[STREAM] frame=177 t=  2.9s start_lag=55647.6ms completion_lag=56073.5ms
[STREAM] frame=178 t=  3.0s start_lag=56057.9ms completion_lag=56489.8ms
[STREAM] frame=179 t=  3.0s start_lag=56473.7ms completion_lag=56922.2ms
[STREAM] frame=180 t=  3.0s start_lag=56905.8ms completion_lag=57343.6ms
FPS: 2.983594584634812
[STREAM] frame=181 t=  3.0s start_lag=57327.4ms completion_lag=57751.9ms
[STREAM] frame=182 t=  3.0s start_lag=57735.6ms completion_lag=58176.7ms
[STREAM] frame=183 t=  3.0s start_lag=58160.5ms completion_lag=58608.9ms
[STREAM] frame=184 t=  3.1s start_lag=58592.6ms completion_lag=59032.3ms
[STREAM] frame=185 t=  3.1s start_lag=59016.6ms completion_lag=59444.4ms
[STREAM] frame=186 t=  3.1s start_lag=59428.1ms completion_lag=59862.2ms
[STREAM] frame=187 t=  3.1s start_lag=59846.6ms completion_lag=60296.5ms
[STREAM] frame=188 t=  3.1s start_lag=60280.2ms completion_lag=60720.1ms
[STREAM] frame=189 t=  3.1s start_lag=60704.7ms completion_lag=61130.6ms
[STREAM] frame=190 t=  3.2s start_lag=61114.9ms completion_lag=61576.9ms
[STREAM] frame=191 t=  3.2s start_lag=61560.6ms completion_lag=62011.4ms
[STREAM] frame=192 t=  3.2s start_lag=61995.7ms completion_lag=62433.7ms
[STREAM] frame=193 t=  3.2s start_lag=62417.7ms completion_lag=62853.9ms
[STREAM] frame=194 t=  3.2s start_lag=62837.6ms completion_lag=63309.6ms
[STREAM] frame=195 t=  3.2s start_lag=63293.4ms completion_lag=63753.8ms
[STREAM] frame=196 t=  3.3s start_lag=63738.2ms completion_lag=64177.9ms
[STREAM] frame=197 t=  3.3s start_lag=64161.7ms completion_lag=64621.0ms
[STREAM] frame=198 t=  3.3s start_lag=64605.1ms completion_lag=65069.3ms
[STREAM] frame=199 t=  3.3s start_lag=65053.0ms completion_lag=65523.0ms
[STREAM] frame=200 t=  3.3s start_lag=65507.3ms completion_lag=65954.2ms
[STREAM] frame=201 t=  3.3s start_lag=65938.6ms completion_lag=66384.6ms
[STREAM] frame=202 t=  3.4s start_lag=66368.3ms completion_lag=66822.9ms
[STREAM] frame=203 t=  3.4s start_lag=66806.6ms completion_lag=67294.2ms
[STREAM] frame=204 t=  3.4s start_lag=67277.9ms completion_lag=67728.4ms
[STREAM] frame=205 t=  3.4s start_lag=67712.2ms completion_lag=68181.6ms
[STREAM] frame=206 t=  3.4s start_lag=68166.0ms completion_lag=68628.8ms
[STREAM] frame=207 t=  3.4s start_lag=68613.9ms completion_lag=69067.8ms
[STREAM] frame=208 t=  3.5s start_lag=69052.2ms completion_lag=69502.3ms
[STREAM] frame=209 t=  3.5s start_lag=69486.7ms completion_lag=69940.6ms
[STREAM] frame=210 t=  3.5s start_lag=69924.9ms completion_lag=70387.3ms
FPS: 2.8426731991063625
[STREAM] frame=211 t=  3.5s start_lag=70371.0ms completion_lag=70854.1ms
[STREAM] frame=212 t=  3.5s start_lag=70838.1ms completion_lag=71295.9ms
[STREAM] frame=213 t=  3.5s start_lag=71279.8ms completion_lag=71743.4ms
[STREAM] frame=214 t=  3.6s start_lag=71727.2ms completion_lag=72203.4ms
[STREAM] frame=215 t=  3.6s start_lag=72187.7ms completion_lag=72647.2ms
[STREAM] frame=216 t=  3.6s start_lag=72630.9ms completion_lag=73086.3ms
[STREAM] frame=217 t=  3.6s start_lag=73070.0ms completion_lag=73534.9ms
[STREAM] frame=218 t=  3.6s start_lag=73518.6ms completion_lag=73977.1ms
[STREAM] frame=219 t=  3.6s start_lag=73960.9ms completion_lag=74426.8ms
[STREAM] frame=220 t=  3.7s start_lag=74410.6ms completion_lag=74877.1ms
[STREAM] frame=221 t=  3.7s start_lag=74860.8ms completion_lag=75319.8ms
[STREAM] frame=222 t=  3.7s start_lag=75303.6ms completion_lag=75782.4ms
[STREAM] frame=223 t=  3.7s start_lag=75766.8ms completion_lag=76250.4ms
[STREAM] frame=224 t=  3.7s start_lag=76234.1ms completion_lag=76697.6ms
[STREAM] frame=225 t=  3.7s start_lag=76681.4ms completion_lag=77146.1ms
[STREAM] frame=226 t=  3.8s start_lag=77130.6ms completion_lag=77634.4ms
[STREAM] frame=227 t=  3.8s start_lag=77618.2ms completion_lag=78094.0ms
[STREAM] frame=228 t=  3.8s start_lag=78077.9ms completion_lag=78553.2ms
[STREAM] frame=229 t=  3.8s start_lag=78536.9ms completion_lag=79014.6ms
[STREAM] frame=230 t=  3.8s start_lag=78998.9ms completion_lag=79475.8ms
[STREAM] frame=231 t=  3.8s start_lag=79460.2ms completion_lag=79932.6ms
[STREAM] frame=232 t=  3.9s start_lag=79916.3ms completion_lag=80393.8ms
[STREAM] frame=233 t=  3.9s start_lag=80377.6ms completion_lag=80856.5ms
[STREAM] frame=234 t=  3.9s start_lag=80840.8ms completion_lag=81325.9ms
[STREAM] frame=235 t=  3.9s start_lag=81310.3ms completion_lag=81817.6ms
[STREAM] frame=236 t=  3.9s start_lag=81801.4ms completion_lag=82297.3ms
[STREAM] frame=237 t=  3.9s start_lag=82281.9ms completion_lag=82764.1ms
[STREAM] frame=238 t=  4.0s start_lag=82748.3ms completion_lag=83258.4ms
[STREAM] frame=239 t=  4.0s start_lag=83242.7ms completion_lag=83738.7ms
[STREAM] frame=240 t=  4.0s start_lag=83723.0ms completion_lag=84227.1ms
FPS: 2.7206444895761024
[STREAM] frame=241 t=  4.0s start_lag=84210.7ms completion_lag=84706.4ms
[STREAM] frame=242 t=  4.0s start_lag=84690.8ms completion_lag=85205.5ms
[STREAM] frame=243 t=  4.0s start_lag=85189.3ms completion_lag=85676.1ms
[STREAM] frame=244 t=  4.1s start_lag=85659.9ms completion_lag=86161.5ms
[STREAM] frame=245 t=  4.1s start_lag=86145.8ms completion_lag=86632.7ms
[STREAM] frame=246 t=  4.1s start_lag=86617.1ms completion_lag=87112.0ms
[STREAM] frame=247 t=  4.1s start_lag=87096.1ms completion_lag=87575.2ms
[STREAM] frame=248 t=  4.1s start_lag=87559.1ms completion_lag=88096.8ms
[STREAM] frame=249 t=  4.1s start_lag=88081.1ms completion_lag=88610.0ms
[STREAM] frame=250 t=  4.2s start_lag=88593.8ms completion_lag=89167.2ms
[STREAM] frame=251 t=  4.2s start_lag=89150.9ms completion_lag=89709.7ms
[STREAM] frame=252 t=  4.2s start_lag=89694.1ms completion_lag=90235.1ms
[STREAM] frame=253 t=  4.2s start_lag=90219.4ms completion_lag=90758.8ms
[STREAM] frame=254 t=  4.2s start_lag=90742.5ms completion_lag=91311.3ms
[STREAM] frame=255 t=  4.2s start_lag=91295.2ms completion_lag=91862.2ms
[STREAM] frame=256 t=  4.3s start_lag=91846.2ms completion_lag=92385.0ms
[STREAM] frame=257 t=  4.3s start_lag=92369.0ms completion_lag=92903.4ms
[STREAM] frame=258 t=  4.3s start_lag=92887.8ms completion_lag=93439.7ms
[STREAM] frame=259 t=  4.3s start_lag=93424.1ms completion_lag=93982.8ms
[STREAM] frame=260 t=  4.3s start_lag=93966.6ms completion_lag=94502.2ms
[STREAM] frame=261 t=  4.3s start_lag=94486.0ms completion_lag=95025.5ms
[STREAM] frame=262 t=  4.4s start_lag=95009.9ms completion_lag=95563.8ms
[STREAM] frame=263 t=  4.4s start_lag=95548.2ms completion_lag=96108.8ms
[STREAM] frame=264 t=  4.4s start_lag=96092.6ms completion_lag=96633.6ms
[STREAM] frame=265 t=  4.4s start_lag=96617.4ms completion_lag=97161.8ms
[STREAM] frame=266 t=  4.4s start_lag=97146.1ms completion_lag=97428.3ms
[STREAM] frame=267 t=  4.4s start_lag=97412.0ms completion_lag=97668.6ms
[STREAM] frame=268 t=  4.5s start_lag=97652.3ms completion_lag=97908.6ms
[STREAM] frame=269 t=  4.5s start_lag=97892.9ms completion_lag=98160.5ms
[STREAM] frame=270 t=  4.5s start_lag=98144.5ms completion_lag=98412.8ms
FPS: 2.623891449546435
[STREAM] frame=271 t=  4.5s start_lag=98396.5ms completion_lag=98679.9ms
[STREAM] frame=272 t=  4.5s start_lag=98663.9ms completion_lag=98916.4ms
[STREAM] frame=273 t=  4.5s start_lag=98900.1ms completion_lag=99165.3ms
[STREAM] frame=274 t=  4.6s start_lag=99149.0ms completion_lag=99422.0ms
[STREAM] frame=275 t=  4.6s start_lag=99405.8ms completion_lag=99676.5ms
[STREAM] frame=276 t=  4.6s start_lag=99660.2ms completion_lag=99922.6ms
[STREAM] frame=277 t=  4.6s start_lag=99906.3ms completion_lag=100180.8ms
[STREAM] frame=278 t=  4.6s start_lag=100165.1ms completion_lag=100446.0ms
[STREAM] frame=279 t=  4.6s start_lag=100429.7ms completion_lag=100710.9ms
[STREAM] frame=280 t=  4.7s start_lag=100695.2ms completion_lag=100965.2ms
[STREAM] frame=281 t=  4.7s start_lag=100948.8ms completion_lag=101225.5ms
[STREAM] frame=282 t=  4.7s start_lag=101209.8ms completion_lag=101501.8ms
[STREAM] frame=283 t=  4.7s start_lag=101485.5ms completion_lag=101784.5ms
[STREAM] frame=284 t=  4.7s start_lag=101768.8ms completion_lag=102053.0ms
[STREAM] frame=285 t=  4.7s start_lag=102036.8ms completion_lag=102316.0ms
[STREAM] frame=286 t=  4.8s start_lag=102300.4ms completion_lag=102593.4ms
[STREAM] frame=287 t=  4.8s start_lag=102577.2ms completion_lag=102871.1ms
[STREAM] frame=288 t=  4.8s start_lag=102854.7ms completion_lag=103139.1ms
[STREAM] frame=289 t=  4.8s start_lag=103122.8ms completion_lag=103405.9ms
[STREAM] frame=290 t=  4.8s start_lag=103389.7ms completion_lag=103683.6ms
[STREAM] frame=291 t=  4.8s start_lag=103667.3ms completion_lag=103963.2ms
[STREAM] frame=292 t=  4.9s start_lag=103947.3ms completion_lag=104230.2ms
[STREAM] frame=293 t=  4.9s start_lag=104214.0ms completion_lag=104487.9ms
[STREAM] frame=294 t=  4.9s start_lag=104471.6ms completion_lag=104755.8ms
[STREAM] frame=295 t=  4.9s start_lag=104740.1ms completion_lag=105041.5ms
[STREAM] frame=296 t=  4.9s start_lag=105025.8ms completion_lag=105306.2ms
[STREAM] frame=297 t=  4.9s start_lag=105290.6ms completion_lag=105580.7ms
[STREAM] frame=298 t=  5.0s start_lag=105564.7ms completion_lag=105878.0ms
[STREAM] frame=299 t=  5.0s start_lag=105861.7ms completion_lag=106168.7ms
[STREAM] frame=300 t=  5.0s start_lag=106152.4ms completion_lag=106441.4ms
FPS: 2.692278502807099
[STREAM] frame=301 t=  5.0s start_lag=106427.0ms completion_lag=106704.0ms
[STREAM] frame=302 t=  5.0s start_lag=106687.7ms completion_lag=107007.9ms
[STREAM] frame=303 t=  5.0s start_lag=106992.2ms completion_lag=107310.2ms
[STREAM] frame=304 t=  5.1s start_lag=107294.0ms completion_lag=107583.2ms
[STREAM] frame=305 t=  5.1s start_lag=107567.5ms completion_lag=107871.1ms
[STREAM] frame=306 t=  5.1s start_lag=107855.7ms completion_lag=108165.9ms
[STREAM] frame=307 t=  5.1s start_lag=108150.2ms completion_lag=108458.3ms
[STREAM] frame=308 t=  5.1s start_lag=108442.7ms completion_lag=108737.6ms
[STREAM] frame=309 t=  5.1s start_lag=108721.3ms completion_lag=109028.3ms
[STREAM] frame=310 t=  5.2s start_lag=109012.0ms completion_lag=109328.1ms
[STREAM] frame=311 t=  5.2s start_lag=109311.8ms completion_lag=109615.0ms
[STREAM] frame=312 t=  5.2s start_lag=109599.2ms completion_lag=109908.0ms
[STREAM] frame=313 t=  5.2s start_lag=109892.3ms completion_lag=110206.7ms
[STREAM] frame=314 t=  5.2s start_lag=110190.5ms completion_lag=110494.0ms
[STREAM] frame=315 t=  5.2s start_lag=110478.4ms completion_lag=110791.5ms
[STREAM] frame=316 t=  5.3s start_lag=110775.9ms completion_lag=111084.1ms
[STREAM] frame=317 t=  5.3s start_lag=111067.9ms completion_lag=111370.0ms
[STREAM] frame=318 t=  5.3s start_lag=111353.8ms completion_lag=111678.9ms
[STREAM] frame=319 t=  5.3s start_lag=111663.3ms completion_lag=111969.5ms
[STREAM] frame=320 t=  5.3s start_lag=111953.2ms completion_lag=112260.0ms
[STREAM] frame=321 t=  5.3s start_lag=112244.4ms completion_lag=112556.1ms
[STREAM] frame=322 t=  5.4s start_lag=112540.4ms completion_lag=112864.4ms
[STREAM] frame=323 t=  5.4s start_lag=112848.9ms completion_lag=113181.4ms
[STREAM] frame=324 t=  5.4s start_lag=113165.1ms completion_lag=113477.8ms
[STREAM] frame=325 t=  5.4s start_lag=113462.1ms completion_lag=113763.6ms
[STREAM] frame=326 t=  5.4s start_lag=113747.4ms completion_lag=114068.4ms
[STREAM] frame=327 t=  5.4s start_lag=114052.1ms completion_lag=114364.3ms
[STREAM] frame=328 t=  5.5s start_lag=114348.0ms completion_lag=114663.2ms
[STREAM] frame=329 t=  5.5s start_lag=114647.5ms completion_lag=114982.3ms
[STREAM] frame=330 t=  5.5s start_lag=114966.6ms completion_lag=115305.4ms
FPS: 2.7319188392520632
[STREAM] frame=331 t=  5.5s start_lag=115289.6ms completion_lag=115617.5ms
[STREAM] frame=332 t=  5.5s start_lag=115601.5ms completion_lag=115933.7ms
[STREAM] frame=333 t=  5.5s start_lag=115918.1ms completion_lag=116233.2ms
[STREAM] frame=334 t=  5.6s start_lag=116217.7ms completion_lag=116542.3ms
[STREAM] frame=335 t=  5.6s start_lag=116526.6ms completion_lag=116877.1ms
[STREAM] frame=336 t=  5.6s start_lag=116860.8ms completion_lag=117184.1ms
[STREAM] frame=337 t=  5.6s start_lag=117167.9ms completion_lag=117490.5ms
[STREAM] frame=338 t=  5.6s start_lag=117474.8ms completion_lag=117816.9ms
[STREAM] frame=339 t=  5.6s start_lag=117800.8ms completion_lag=118132.2ms
[STREAM] frame=340 t=  5.7s start_lag=118116.0ms completion_lag=118443.1ms
[STREAM] frame=341 t=  5.7s start_lag=118427.4ms completion_lag=118758.8ms
[STREAM] frame=342 t=  5.7s start_lag=118743.2ms completion_lag=119076.0ms
[STREAM] frame=343 t=  5.7s start_lag=119060.3ms completion_lag=119408.0ms
[STREAM] frame=344 t=  5.7s start_lag=119392.3ms completion_lag=119728.2ms
[STREAM] frame=345 t=  5.7s start_lag=119712.4ms completion_lag=120051.1ms
[STREAM] frame=346 t=  5.8s start_lag=120035.6ms completion_lag=120386.4ms
[STREAM] frame=347 t=  5.8s start_lag=120370.7ms completion_lag=120725.5ms
[STREAM] frame=348 t=  5.8s start_lag=120709.2ms completion_lag=121055.5ms
[STREAM] frame=349 t=  5.8s start_lag=121039.5ms completion_lag=121381.6ms
[STREAM] frame=350 t=  5.8s start_lag=121366.0ms completion_lag=121707.4ms
[STREAM] frame=351 t=  5.8s start_lag=121691.6ms completion_lag=122028.8ms
[STREAM] frame=352 t=  5.9s start_lag=122013.0ms completion_lag=122379.8ms
[STREAM] frame=353 t=  5.9s start_lag=122364.2ms completion_lag=122729.1ms
[STREAM] frame=354 t=  5.9s start_lag=122712.8ms completion_lag=123056.4ms
[STREAM] frame=355 t=  5.9s start_lag=123040.1ms completion_lag=123382.0ms
[STREAM] frame=356 t=  5.9s start_lag=123365.8ms completion_lag=123713.4ms
[STREAM] frame=357 t=  5.9s start_lag=123697.8ms completion_lag=124063.4ms
[STREAM] frame=358 t=  6.0s start_lag=124047.7ms completion_lag=124394.7ms
[STREAM] frame=359 t=  6.0s start_lag=124378.5ms completion_lag=124714.6ms
[STREAM] frame=360 t=  6.0s start_lag=124698.6ms completion_lag=125055.5ms
FPS: 2.747150728601426
[STREAM] frame=361 t=  6.0s start_lag=125039.2ms completion_lag=125415.3ms
[STREAM] frame=362 t=  6.0s start_lag=125398.9ms completion_lag=125774.2ms
[STREAM] frame=363 t=  6.0s start_lag=125757.9ms completion_lag=126126.2ms
[STREAM] frame=364 t=  6.1s start_lag=126110.0ms completion_lag=126508.2ms
[STREAM] frame=365 t=  6.1s start_lag=126492.6ms completion_lag=126880.3ms
[STREAM] frame=366 t=  6.1s start_lag=126864.0ms completion_lag=127228.8ms
[STREAM] frame=367 t=  6.1s start_lag=127213.4ms completion_lag=127575.5ms
[STREAM] frame=368 t=  6.1s start_lag=127559.4ms completion_lag=127947.5ms
[STREAM] frame=369 t=  6.1s start_lag=127931.2ms completion_lag=128321.3ms
[STREAM] frame=370 t=  6.2s start_lag=128305.0ms completion_lag=128668.8ms
[STREAM] frame=371 t=  6.2s start_lag=128653.1ms completion_lag=129031.5ms
[STREAM] frame=372 t=  6.2s start_lag=129015.7ms completion_lag=129412.7ms
[STREAM] frame=373 t=  6.2s start_lag=129396.8ms completion_lag=129766.5ms
[STREAM] frame=374 t=  6.2s start_lag=129750.4ms completion_lag=130129.1ms
[STREAM] frame=375 t=  6.2s start_lag=130113.7ms completion_lag=130484.9ms
[STREAM] frame=376 t=  6.3s start_lag=130468.7ms completion_lag=130839.0ms
[STREAM] frame=377 t=  6.3s start_lag=130823.4ms completion_lag=131219.2ms
[STREAM] frame=378 t=  6.3s start_lag=131203.0ms completion_lag=131588.4ms
[STREAM] frame=379 t=  6.3s start_lag=131572.7ms completion_lag=131944.6ms
[STREAM] frame=380 t=  6.3s start_lag=131928.6ms completion_lag=132338.3ms
[STREAM] frame=381 t=  6.3s start_lag=132322.1ms completion_lag=132728.7ms
[STREAM] frame=382 t=  6.4s start_lag=132713.3ms completion_lag=133090.2ms
[STREAM] frame=383 t=  6.4s start_lag=133074.5ms completion_lag=133464.9ms
[STREAM] frame=384 t=  6.4s start_lag=133448.7ms completion_lag=133853.6ms
[STREAM] frame=385 t=  6.4s start_lag=133837.3ms completion_lag=134224.3ms
[STREAM] frame=386 t=  6.4s start_lag=134208.2ms completion_lag=134587.6ms
[STREAM] frame=387 t=  6.4s start_lag=134571.3ms completion_lag=134957.8ms
[STREAM] frame=388 t=  6.5s start_lag=134941.6ms completion_lag=135355.4ms
[STREAM] frame=389 t=  6.5s start_lag=135339.9ms completion_lag=135728.7ms
[STREAM] frame=390 t=  6.5s start_lag=135712.7ms completion_lag=136100.3ms
FPS: 2.7351114053333063
[STREAM] frame=391 t=  6.5s start_lag=136084.0ms completion_lag=136476.7ms
[STREAM] frame=392 t=  6.5s start_lag=136461.0ms completion_lag=136857.5ms
[STREAM] frame=393 t=  6.5s start_lag=136841.2ms completion_lag=137250.5ms
[STREAM] frame=394 t=  6.6s start_lag=137234.3ms completion_lag=137629.9ms
[STREAM] frame=395 t=  6.6s start_lag=137614.5ms completion_lag=138009.0ms
[STREAM] frame=396 t=  6.6s start_lag=137993.3ms completion_lag=138409.3ms
[STREAM] frame=397 t=  6.6s start_lag=138393.7ms completion_lag=138813.1ms
[STREAM] frame=398 t=  6.6s start_lag=138797.4ms completion_lag=139189.6ms
[STREAM] frame=399 t=  6.6s start_lag=139173.5ms completion_lag=139561.6ms
[STREAM] frame=400 t=  6.7s start_lag=139545.3ms completion_lag=139967.7ms
[STREAM] frame=401 t=  6.7s start_lag=139952.0ms completion_lag=140373.6ms
[STREAM] frame=402 t=  6.7s start_lag=140357.2ms completion_lag=140763.9ms
[STREAM] frame=403 t=  6.7s start_lag=140747.6ms completion_lag=141143.7ms
[STREAM] frame=404 t=  6.7s start_lag=141128.0ms completion_lag=141550.0ms
[STREAM] frame=405 t=  6.7s start_lag=141533.7ms completion_lag=141958.0ms
[STREAM] frame=406 t=  6.8s start_lag=141941.6ms completion_lag=142346.7ms
[STREAM] frame=407 t=  6.8s start_lag=142331.0ms completion_lag=142732.7ms
[STREAM] frame=408 t=  6.8s start_lag=142716.4ms completion_lag=143137.8ms
[STREAM] frame=409 t=  6.8s start_lag=143122.1ms completion_lag=143540.2ms
[STREAM] frame=410 t=  6.8s start_lag=143524.5ms completion_lag=143936.7ms
[STREAM] frame=411 t=  6.8s start_lag=143920.7ms completion_lag=144327.0ms
[STREAM] frame=412 t=  6.9s start_lag=144310.9ms completion_lag=144725.3ms
[STREAM] frame=413 t=  6.9s start_lag=144709.0ms completion_lag=145140.4ms
[STREAM] frame=414 t=  6.9s start_lag=145124.0ms completion_lag=145537.1ms
[STREAM] frame=415 t=  6.9s start_lag=145520.7ms completion_lag=145935.1ms
[STREAM] frame=416 t=  6.9s start_lag=145919.1ms completion_lag=146364.0ms
[STREAM] frame=417 t=  6.9s start_lag=146348.6ms completion_lag=146791.2ms
[STREAM] frame=418 t=  7.0s start_lag=146774.8ms completion_lag=147185.2ms
[STREAM] frame=419 t=  7.0s start_lag=147168.9ms completion_lag=147585.6ms
[STREAM] frame=420 t=  7.0s start_lag=147570.0ms completion_lag=148007.3ms
FPS: 2.7097194999695926
[STREAM] frame=421 t=  7.0s start_lag=147991.1ms completion_lag=148426.5ms
[STREAM] frame=422 t=  7.0s start_lag=148410.1ms completion_lag=148838.7ms
[STREAM] frame=423 t=  7.0s start_lag=148823.0ms completion_lag=149234.8ms
[STREAM] frame=424 t=  7.1s start_lag=149219.2ms completion_lag=149655.2ms
[STREAM] frame=425 t=  7.1s start_lag=149639.6ms completion_lag=150073.3ms
[STREAM] frame=426 t=  7.1s start_lag=150057.1ms completion_lag=150486.4ms
[STREAM] frame=427 t=  7.1s start_lag=150470.1ms completion_lag=150895.1ms
[STREAM] frame=428 t=  7.1s start_lag=150880.2ms completion_lag=151319.7ms
[STREAM] frame=429 t=  7.1s start_lag=151303.5ms completion_lag=151743.3ms
[STREAM] frame=430 t=  7.2s start_lag=151727.0ms completion_lag=152148.7ms
[STREAM] frame=431 t=  7.2s start_lag=152133.2ms completion_lag=152571.3ms
[STREAM] frame=432 t=  7.2s start_lag=152555.6ms completion_lag=152988.8ms
[STREAM] frame=433 t=  7.2s start_lag=152973.2ms completion_lag=153417.2ms
[STREAM] frame=434 t=  7.2s start_lag=153401.5ms completion_lag=153825.1ms
[STREAM] frame=435 t=  7.2s start_lag=153809.5ms completion_lag=154244.8ms
[STREAM] frame=436 t=  7.3s start_lag=154228.4ms completion_lag=154676.6ms
[STREAM] frame=437 t=  7.3s start_lag=154660.3ms completion_lag=155084.1ms
[STREAM] frame=438 t=  7.3s start_lag=155068.4ms completion_lag=155500.3ms
[STREAM] frame=439 t=  7.3s start_lag=155484.7ms completion_lag=155918.8ms
[STREAM] frame=440 t=  7.3s start_lag=155902.8ms completion_lag=156355.8ms
[STREAM] frame=441 t=  7.3s start_lag=156339.6ms completion_lag=156793.6ms
[STREAM] frame=442 t=  7.4s start_lag=156777.9ms completion_lag=157218.3ms
[STREAM] frame=443 t=  7.4s start_lag=157202.0ms completion_lag=157640.7ms
[STREAM] frame=444 t=  7.4s start_lag=157625.1ms completion_lag=158096.1ms
[STREAM] frame=445 t=  7.4s start_lag=158080.1ms completion_lag=158534.5ms
[STREAM] frame=446 t=  7.4s start_lag=158518.2ms completion_lag=158964.3ms
[STREAM] frame=447 t=  7.4s start_lag=158948.1ms completion_lag=159402.6ms
[STREAM] frame=448 t=  7.5s start_lag=159386.9ms completion_lag=159833.1ms
[STREAM] frame=449 t=  7.5s start_lag=159817.4ms completion_lag=160259.9ms
[STREAM] frame=450 t=  7.5s start_lag=160244.3ms completion_lag=160683.4ms
FPS: 2.675795443404848
[STREAM] frame=451 t=  7.5s start_lag=160667.8ms completion_lag=161115.0ms
[STREAM] frame=452 t=  7.5s start_lag=161098.7ms completion_lag=161545.3ms
[STREAM] frame=453 t=  7.5s start_lag=161529.0ms completion_lag=161999.0ms
[STREAM] frame=454 t=  7.6s start_lag=161982.8ms completion_lag=162427.2ms
[STREAM] frame=455 t=  7.6s start_lag=162411.4ms completion_lag=162864.3ms
[STREAM] frame=456 t=  7.6s start_lag=162848.6ms completion_lag=163326.6ms
[STREAM] frame=457 t=  7.6s start_lag=163311.1ms completion_lag=163781.8ms
[STREAM] frame=458 t=  7.6s start_lag=163766.1ms completion_lag=164212.8ms
[STREAM] frame=459 t=  7.6s start_lag=164196.5ms completion_lag=164653.8ms
[STREAM] frame=460 t=  7.7s start_lag=164637.5ms completion_lag=165118.7ms
[STREAM] frame=461 t=  7.7s start_lag=165102.5ms completion_lag=165579.3ms
[STREAM] frame=462 t=  7.7s start_lag=165563.0ms completion_lag=166021.0ms
[STREAM] frame=463 t=  7.7s start_lag=166005.3ms completion_lag=166474.5ms
[STREAM] frame=464 t=  7.7s start_lag=166458.4ms completion_lag=166946.7ms
[STREAM] frame=465 t=  7.7s start_lag=166930.7ms completion_lag=167392.7ms
[STREAM] frame=466 t=  7.8s start_lag=167376.6ms completion_lag=167833.0ms
[STREAM] frame=467 t=  7.8s start_lag=167816.8ms completion_lag=168278.9ms
[STREAM] frame=468 t=  7.8s start_lag=168262.6ms completion_lag=168746.6ms
[STREAM] frame=469 t=  7.8s start_lag=168731.0ms completion_lag=169224.6ms
[STREAM] frame=470 t=  7.8s start_lag=169209.0ms completion_lag=169685.1ms
[STREAM] frame=471 t=  7.8s start_lag=169669.5ms completion_lag=170154.8ms
[STREAM] frame=472 t=  7.9s start_lag=170139.5ms completion_lag=170641.0ms
[STREAM] frame=473 t=  7.9s start_lag=170624.7ms completion_lag=171118.8ms
[STREAM] frame=474 t=  7.9s start_lag=171103.1ms completion_lag=171577.1ms
[STREAM] frame=475 t=  7.9s start_lag=171561.4ms completion_lag=172033.2ms
[STREAM] frame=476 t=  7.9s start_lag=172017.1ms completion_lag=172547.6ms
[STREAM] frame=477 t=  7.9s start_lag=172532.1ms completion_lag=173029.8ms
[STREAM] frame=478 t=  8.0s start_lag=173014.2ms completion_lag=173497.5ms
[STREAM] frame=479 t=  8.0s start_lag=173482.1ms completion_lag=173976.6ms
[STREAM] frame=480 t=  8.0s start_lag=173960.4ms completion_lag=174475.5ms
FPS: 2.6306150303304348
[STREAM] frame=481 t=  8.0s start_lag=174459.2ms completion_lag=174955.4ms
[STREAM] frame=482 t=  8.0s start_lag=174939.9ms completion_lag=175456.7ms
[STREAM] frame=483 t=  8.0s start_lag=175441.1ms completion_lag=175957.4ms
[STREAM] frame=484 t=  8.1s start_lag=175941.7ms completion_lag=176441.5ms
[STREAM] frame=485 t=  8.1s start_lag=176426.4ms completion_lag=176930.3ms
[STREAM] frame=486 t=  8.1s start_lag=176914.1ms completion_lag=177403.2ms
[STREAM] frame=487 t=  8.1s start_lag=177386.9ms completion_lag=177874.5ms
[STREAM] frame=488 t=  8.1s start_lag=177858.5ms completion_lag=178359.5ms
[STREAM] frame=489 t=  8.1s start_lag=178343.2ms completion_lag=178836.8ms
[STREAM] frame=490 t=  8.2s start_lag=178821.3ms completion_lag=179299.5ms
[STREAM] frame=491 t=  8.2s start_lag=179283.8ms completion_lag=179768.1ms
[STREAM] frame=492 t=  8.2s start_lag=179752.5ms completion_lag=180270.4ms
[STREAM] frame=493 t=  8.2s start_lag=180254.2ms completion_lag=180774.2ms
[STREAM] frame=494 t=  8.2s start_lag=180757.9ms completion_lag=181249.1ms
[STREAM] frame=495 t=  8.2s start_lag=181232.8ms completion_lag=181716.7ms
[STREAM] frame=496 t=  8.3s start_lag=181701.1ms completion_lag=182187.3ms
[STREAM] frame=497 t=  8.3s start_lag=182171.0ms completion_lag=182670.5ms
[STREAM] frame=498 t=  8.3s start_lag=182654.9ms completion_lag=183189.8ms
[STREAM] frame=499 t=  8.3s start_lag=183173.5ms completion_lag=183699.7ms
[STREAM] frame=500 t=  8.3s start_lag=183684.1ms completion_lag=184226.5ms
[STREAM] frame=501 t=  8.3s start_lag=184210.2ms completion_lag=184752.6ms
[STREAM] frame=502 t=  8.4s start_lag=184736.3ms completion_lag=185299.6ms
[STREAM] frame=503 t=  8.4s start_lag=185283.8ms completion_lag=185822.4ms
[STREAM] frame=504 t=  8.4s start_lag=185806.7ms completion_lag=186362.8ms
[STREAM] frame=505 t=  8.4s start_lag=186347.2ms completion_lag=186908.7ms
[STREAM] frame=506 t=  8.4s start_lag=186892.5ms completion_lag=187431.8ms
[STREAM] frame=507 t=  8.4s start_lag=187415.8ms completion_lag=187957.9ms
[STREAM] frame=508 t=  8.5s start_lag=187942.2ms completion_lag=188484.5ms
[STREAM] frame=509 t=  8.5s start_lag=188468.3ms completion_lag=189021.4ms
[STREAM] frame=510 t=  8.5s start_lag=189005.1ms completion_lag=189551.7ms
FPS: 2.575191225577097
[STREAM] frame=511 t=  8.5s start_lag=189535.4ms completion_lag=190082.2ms
[STREAM] frame=512 t=  8.5s start_lag=190066.6ms completion_lag=190616.2ms
[STREAM] frame=513 t=  8.5s start_lag=190599.9ms completion_lag=191175.9ms
[STREAM] frame=514 t=  8.6s start_lag=191160.2ms completion_lag=191717.9ms
[STREAM] frame=515 t=  8.6s start_lag=191701.6ms completion_lag=192256.9ms
[STREAM] frame=516 t=  8.6s start_lag=192241.3ms completion_lag=192517.4ms
[STREAM] frame=517 t=  8.6s start_lag=192501.1ms completion_lag=192769.1ms
[STREAM] frame=518 t=  8.6s start_lag=192752.9ms completion_lag=193008.7ms
[STREAM] frame=519 t=  8.6s start_lag=192993.0ms completion_lag=193252.3ms
[STREAM] frame=520 t=  8.7s start_lag=193236.7ms completion_lag=193515.8ms
[STREAM] frame=521 t=  8.7s start_lag=193500.1ms completion_lag=193775.3ms
[STREAM] frame=522 t=  8.7s start_lag=193759.0ms completion_lag=194026.0ms
[STREAM] frame=523 t=  8.7s start_lag=194009.7ms completion_lag=194273.4ms
[STREAM] frame=524 t=  8.7s start_lag=194257.7ms completion_lag=194532.7ms
[STREAM] frame=525 t=  8.7s start_lag=194517.0ms completion_lag=194789.2ms
[STREAM] frame=526 t=  8.8s start_lag=194772.9ms completion_lag=195035.5ms
[STREAM] frame=527 t=  8.8s start_lag=195020.0ms completion_lag=195279.1ms
[STREAM] frame=528 t=  8.8s start_lag=195263.6ms completion_lag=195540.1ms
[STREAM] frame=529 t=  8.8s start_lag=195524.4ms completion_lag=196059.2ms
[STREAM] frame=530 t=  8.8s start_lag=196042.9ms completion_lag=196334.1ms
[STREAM] frame=531 t=  8.8s start_lag=196318.5ms completion_lag=196593.5ms
[STREAM] frame=532 t=  8.9s start_lag=196577.9ms completion_lag=196867.7ms
[STREAM] frame=533 t=  8.9s start_lag=196852.0ms completion_lag=197146.9ms
[STREAM] frame=534 t=  8.9s start_lag=197131.2ms completion_lag=197404.1ms
[STREAM] frame=535 t=  8.9s start_lag=197388.5ms completion_lag=197660.3ms
[STREAM] frame=536 t=  8.9s start_lag=197645.0ms completion_lag=197936.8ms
[STREAM] frame=537 t=  8.9s start_lag=197921.1ms completion_lag=198216.5ms
[STREAM] frame=538 t=  9.0s start_lag=198200.8ms completion_lag=198470.6ms
[STREAM] frame=539 t=  9.0s start_lag=198454.3ms completion_lag=198733.3ms
[STREAM] frame=540 t=  9.0s start_lag=198717.7ms completion_lag=199007.4ms
FPS: 2.596157065998987
[STREAM] frame=541 t=  9.0s start_lag=198991.1ms completion_lag=199284.7ms
[STREAM] frame=542 t=  9.0s start_lag=199268.4ms completion_lag=199551.8ms
[STREAM] frame=543 t=  9.0s start_lag=199536.2ms completion_lag=199812.9ms
[STREAM] frame=544 t=  9.1s start_lag=199796.6ms completion_lag=200090.1ms
[STREAM] frame=545 t=  9.1s start_lag=200074.4ms completion_lag=200362.6ms
[STREAM] frame=546 t=  9.1s start_lag=200346.9ms completion_lag=200626.4ms
[STREAM] frame=547 t=  9.1s start_lag=200610.8ms completion_lag=200896.2ms
[STREAM] frame=548 t=  9.1s start_lag=200880.5ms completion_lag=201191.4ms
[STREAM] frame=549 t=  9.1s start_lag=201175.1ms completion_lag=201481.3ms
[STREAM] frame=550 t=  9.2s start_lag=201465.8ms completion_lag=201751.8ms
[STREAM] frame=551 t=  9.2s start_lag=201736.1ms completion_lag=202021.9ms
[STREAM] frame=552 t=  9.2s start_lag=202005.6ms completion_lag=202297.2ms
[STREAM] frame=553 t=  9.2s start_lag=202280.9ms completion_lag=202593.3ms
[STREAM] frame=554 t=  9.2s start_lag=202577.1ms completion_lag=202863.3ms
[STREAM] frame=555 t=  9.2s start_lag=202847.1ms completion_lag=203131.1ms
[STREAM] frame=556 t=  9.3s start_lag=203115.4ms completion_lag=203400.4ms
[STREAM] frame=557 t=  9.3s start_lag=203384.4ms completion_lag=203696.5ms
[STREAM] frame=558 t=  9.3s start_lag=203680.3ms completion_lag=203967.0ms
[STREAM] frame=559 t=  9.3s start_lag=203952.4ms completion_lag=204248.5ms
[STREAM] frame=560 t=  9.3s start_lag=204232.8ms completion_lag=204540.0ms
[STREAM] frame=561 t=  9.3s start_lag=204524.3ms completion_lag=204830.3ms
[STREAM] frame=562 t=  9.4s start_lag=204814.5ms completion_lag=205108.5ms
[STREAM] frame=563 t=  9.4s start_lag=205092.8ms completion_lag=205389.7ms
[STREAM] frame=564 t=  9.4s start_lag=205373.4ms completion_lag=205694.7ms
[STREAM] frame=565 t=  9.4s start_lag=205678.5ms completion_lag=205995.3ms
[STREAM] frame=566 t=  9.4s start_lag=205979.6ms completion_lag=206276.8ms
[STREAM] frame=567 t=  9.4s start_lag=206261.5ms completion_lag=206540.1ms
[STREAM] frame=568 t=  9.5s start_lag=206524.3ms completion_lag=206821.8ms
[STREAM] frame=569 t=  9.5s start_lag=206805.8ms completion_lag=207093.9ms
[STREAM] frame=570 t=  9.5s start_lag=207078.1ms completion_lag=207356.6ms
FPS: 2.6285523958693098
[STREAM] frame=571 t=  9.5s start_lag=207340.2ms completion_lag=207609.8ms
[STREAM] frame=572 t=  9.5s start_lag=207593.5ms completion_lag=207888.7ms
[STREAM] frame=573 t=  9.5s start_lag=207872.9ms completion_lag=208170.9ms
[STREAM] frame=574 t=  9.6s start_lag=208155.1ms completion_lag=208443.5ms
[STREAM] frame=575 t=  9.6s start_lag=208427.8ms completion_lag=208717.6ms
[STREAM] frame=576 t=  9.6s start_lag=208701.9ms completion_lag=209023.8ms
[STREAM] frame=577 t=  9.6s start_lag=209007.9ms completion_lag=209312.4ms
[STREAM] frame=578 t=  9.6s start_lag=209296.8ms completion_lag=209599.0ms
[STREAM] frame=579 t=  9.6s start_lag=209583.6ms completion_lag=209898.4ms
[STREAM] frame=580 t=  9.7s start_lag=209882.1ms completion_lag=210217.8ms
[STREAM] frame=581 t=  9.7s start_lag=210201.5ms completion_lag=210532.8ms
[STREAM] frame=582 t=  9.7s start_lag=210516.8ms completion_lag=210831.5ms
[STREAM] frame=583 t=  9.7s start_lag=210815.3ms completion_lag=211140.7ms
[STREAM] frame=584 t=  9.7s start_lag=211125.2ms completion_lag=211457.8ms
[STREAM] frame=585 t=  9.7s start_lag=211442.1ms completion_lag=211776.6ms
[STREAM] frame=586 t=  9.8s start_lag=211761.0ms completion_lag=212074.2ms
[STREAM] frame=587 t=  9.8s start_lag=212057.9ms completion_lag=212377.9ms
[STREAM] frame=588 t=  9.8s start_lag=212361.6ms completion_lag=212688.3ms
[STREAM] frame=589 t=  9.8s start_lag=212672.8ms completion_lag=212999.5ms
[STREAM] frame=590 t=  9.8s start_lag=212983.6ms completion_lag=213299.0ms
[STREAM] frame=591 t=  9.8s start_lag=213282.7ms completion_lag=213603.6ms
[STREAM] frame=592 t=  9.9s start_lag=213587.3ms completion_lag=213933.4ms
[STREAM] frame=593 t=  9.9s start_lag=213917.1ms completion_lag=214262.8ms
[STREAM] frame=594 t=  9.9s start_lag=214247.2ms completion_lag=214568.8ms
[STREAM] frame=595 t=  9.9s start_lag=214552.5ms completion_lag=214888.4ms
[STREAM] frame=596 t=  9.9s start_lag=214872.1ms completion_lag=215203.2ms
[STREAM] frame=597 t=  9.9s start_lag=215187.3ms completion_lag=215538.3ms
[STREAM] frame=598 t= 10.0s start_lag=215522.6ms completion_lag=215890.3ms
[STREAM] frame=599 t= 10.0s start_lag=215874.3ms completion_lag=216220.9ms
[STREAM] frame=600 t= 10.0s start_lag=216204.7ms completion_lag=216566.4ms
FPS: 2.6483082207060193
[STREAM] frame=601 t= 10.0s start_lag=216550.4ms completion_lag=216904.4ms
[STREAM] frame=602 t= 10.0s start_lag=216888.7ms completion_lag=217222.5ms
[STREAM] frame=603 t= 10.0s start_lag=217206.9ms completion_lag=217543.7ms
[STREAM] frame=604 t= 10.1s start_lag=217528.1ms completion_lag=217864.5ms
[STREAM] frame=605 t= 10.1s start_lag=217848.2ms completion_lag=218189.3ms
[STREAM] frame=606 t= 10.1s start_lag=218173.7ms completion_lag=218524.9ms
[STREAM] frame=607 t= 10.1s start_lag=218509.4ms completion_lag=218847.2ms
[STREAM] frame=608 t= 10.1s start_lag=218830.9ms completion_lag=219188.6ms
[STREAM] frame=609 t= 10.1s start_lag=219172.9ms completion_lag=219518.5ms
[STREAM] frame=610 t= 10.2s start_lag=219502.2ms completion_lag=219853.5ms
[STREAM] frame=611 t= 10.2s start_lag=219837.8ms completion_lag=220180.2ms
[STREAM] frame=612 t= 10.2s start_lag=220164.7ms completion_lag=220527.7ms
[STREAM] frame=613 t= 10.2s start_lag=220511.4ms completion_lag=220872.9ms
[STREAM] frame=614 t= 10.2s start_lag=220856.6ms completion_lag=221254.1ms
[STREAM] frame=615 t= 10.2s start_lag=221237.8ms completion_lag=221607.9ms
[STREAM] frame=616 t= 10.3s start_lag=221591.6ms completion_lag=221982.7ms
[STREAM] frame=617 t= 10.3s start_lag=221967.0ms completion_lag=222335.8ms
[STREAM] frame=618 t= 10.3s start_lag=222320.1ms completion_lag=222686.2ms
[STREAM] frame=619 t= 10.3s start_lag=222669.8ms completion_lag=223047.6ms
[STREAM] frame=620 t= 10.3s start_lag=223032.0ms completion_lag=223404.3ms
[STREAM] frame=621 t= 10.3s start_lag=223388.1ms completion_lag=223769.5ms
[STREAM] frame=622 t= 10.4s start_lag=223754.0ms completion_lag=224154.3ms
[STREAM] frame=623 t= 10.4s start_lag=224138.6ms completion_lag=224540.0ms
[STREAM] frame=624 t= 10.4s start_lag=224523.7ms completion_lag=224902.8ms
[STREAM] frame=625 t= 10.4s start_lag=224886.5ms completion_lag=225263.2ms
[STREAM] frame=626 t= 10.4s start_lag=225246.8ms completion_lag=225623.7ms
[STREAM] frame=627 t= 10.4s start_lag=225607.9ms completion_lag=225978.2ms
[STREAM] frame=628 t= 10.5s start_lag=225962.5ms completion_lag=226323.0ms
[STREAM] frame=629 t= 10.5s start_lag=226306.7ms completion_lag=226700.2ms
[STREAM] frame=630 t= 10.5s start_lag=226683.9ms completion_lag=227082.8ms
FPS: 2.6517753923640295
[STREAM] frame=631 t= 10.5s start_lag=227066.6ms completion_lag=227481.0ms
[STREAM] frame=632 t= 10.5s start_lag=227464.7ms completion_lag=227870.1ms
[STREAM] frame=633 t= 10.5s start_lag=227854.3ms completion_lag=228253.7ms
[STREAM] frame=634 t= 10.6s start_lag=228237.4ms completion_lag=228625.8ms
[STREAM] frame=635 t= 10.6s start_lag=228610.1ms completion_lag=229014.6ms
[STREAM] frame=636 t= 10.6s start_lag=228999.1ms completion_lag=229410.4ms
[STREAM] frame=637 t= 10.6s start_lag=229394.7ms completion_lag=229806.3ms
[STREAM] frame=638 t= 10.6s start_lag=229790.6ms completion_lag=230210.3ms
[STREAM] frame=639 t= 10.6s start_lag=230194.6ms completion_lag=230590.3ms
[STREAM] frame=640 t= 10.7s start_lag=230573.9ms completion_lag=230997.6ms
[STREAM] frame=641 t= 10.7s start_lag=230982.0ms completion_lag=231384.5ms
[STREAM] frame=642 t= 10.7s start_lag=231368.2ms completion_lag=231774.1ms
[STREAM] frame=643 t= 10.7s start_lag=231757.9ms completion_lag=232164.4ms
[STREAM] frame=644 t= 10.7s start_lag=232148.1ms completion_lag=232552.6ms
[STREAM] frame=645 t= 10.7s start_lag=232536.9ms completion_lag=232956.9ms
[STREAM] frame=646 t= 10.8s start_lag=232941.2ms completion_lag=233376.2ms
[STREAM] frame=647 t= 10.8s start_lag=233360.2ms completion_lag=233779.6ms
[STREAM] frame=648 t= 10.8s start_lag=233764.3ms completion_lag=234199.9ms
[STREAM] frame=649 t= 10.8s start_lag=234184.3ms completion_lag=234608.3ms
[STREAM] frame=650 t= 10.8s start_lag=234592.0ms completion_lag=235010.9ms
[STREAM] frame=651 t= 10.8s start_lag=234995.3ms completion_lag=235412.9ms
[STREAM] frame=652 t= 10.9s start_lag=235397.2ms completion_lag=235817.1ms
[STREAM] frame=653 t= 10.9s start_lag=235800.8ms completion_lag=236219.2ms
[STREAM] frame=654 t= 10.9s start_lag=236202.9ms completion_lag=236634.2ms
[STREAM] frame=655 t= 10.9s start_lag=236617.9ms completion_lag=237055.4ms
[STREAM] frame=656 t= 10.9s start_lag=237039.8ms completion_lag=237490.1ms
[STREAM] frame=657 t= 10.9s start_lag=237474.0ms completion_lag=237897.0ms
[STREAM] frame=658 t= 11.0s start_lag=237880.7ms completion_lag=238322.8ms
[STREAM] frame=659 t= 11.0s start_lag=238307.0ms completion_lag=238735.8ms
[STREAM] frame=660 t= 11.0s start_lag=238719.5ms completion_lag=239143.7ms
FPS: 2.638543043503853
[STREAM] frame=661 t= 11.0s start_lag=239127.5ms completion_lag=239561.1ms
[STREAM] frame=662 t= 11.0s start_lag=239545.0ms completion_lag=240004.4ms
[STREAM] frame=663 t= 11.0s start_lag=239988.8ms completion_lag=240457.1ms
[STREAM] frame=664 t= 11.1s start_lag=240441.4ms completion_lag=240889.4ms
[STREAM] frame=665 t= 11.1s start_lag=240873.7ms completion_lag=241326.2ms
[STREAM] frame=666 t= 11.1s start_lag=241309.9ms completion_lag=241757.3ms
[STREAM] frame=667 t= 11.1s start_lag=241741.3ms completion_lag=242189.3ms
[STREAM] frame=668 t= 11.1s start_lag=242173.1ms completion_lag=242623.6ms
[STREAM] frame=669 t= 11.1s start_lag=242607.3ms completion_lag=243061.3ms
[STREAM] frame=670 t= 11.2s start_lag=243045.7ms completion_lag=243512.4ms
[STREAM] frame=671 t= 11.2s start_lag=243496.1ms completion_lag=243949.0ms
[STREAM] frame=672 t= 11.2s start_lag=243933.4ms completion_lag=244381.4ms
[STREAM] frame=673 t= 11.2s start_lag=244365.8ms completion_lag=244817.7ms
[STREAM] frame=674 t= 11.2s start_lag=244802.0ms completion_lag=245254.1ms
[STREAM] frame=675 t= 11.2s start_lag=245238.4ms completion_lag=245693.3ms
[STREAM] frame=676 t= 11.3s start_lag=245677.0ms completion_lag=246133.2ms
[STREAM] frame=677 t= 11.3s start_lag=246116.9ms completion_lag=246611.5ms
[STREAM] frame=678 t= 11.3s start_lag=246595.2ms completion_lag=247097.3ms
[STREAM] frame=679 t= 11.3s start_lag=247081.8ms completion_lag=247566.8ms
[STREAM] frame=680 t= 11.3s start_lag=247550.6ms completion_lag=248025.8ms
[STREAM] frame=681 t= 11.3s start_lag=248009.6ms completion_lag=248478.4ms
[STREAM] frame=682 t= 11.4s start_lag=248462.6ms completion_lag=248970.6ms
[STREAM] frame=683 t= 11.4s start_lag=248954.3ms completion_lag=249443.8ms
[STREAM] frame=684 t= 11.4s start_lag=249427.5ms completion_lag=249906.5ms
[STREAM] frame=685 t= 11.4s start_lag=249890.3ms completion_lag=250360.2ms
[STREAM] frame=686 t= 11.4s start_lag=250343.9ms completion_lag=250835.2ms
[STREAM] frame=687 t= 11.4s start_lag=250818.9ms completion_lag=251288.7ms
[STREAM] frame=688 t= 11.5s start_lag=251272.4ms completion_lag=251751.9ms
[STREAM] frame=689 t= 11.5s start_lag=251735.6ms completion_lag=252215.7ms
[STREAM] frame=690 t= 11.5s start_lag=252199.7ms completion_lag=252686.4ms
FPS: 2.611843450761641
[STREAM] frame=691 t= 11.5s start_lag=252670.5ms completion_lag=253161.8ms
[STREAM] frame=692 t= 11.5s start_lag=253145.5ms completion_lag=253629.1ms
[STREAM] frame=693 t= 11.5s start_lag=253613.4ms completion_lag=254101.5ms
[STREAM] frame=694 t= 11.6s start_lag=254085.8ms completion_lag=254592.3ms
[STREAM] frame=695 t= 11.6s start_lag=254576.7ms completion_lag=255093.3ms
[STREAM] frame=696 t= 11.6s start_lag=255077.0ms completion_lag=255557.9ms
[STREAM] frame=697 t= 11.6s start_lag=255541.7ms completion_lag=256026.0ms
[STREAM] frame=698 t= 11.6s start_lag=256010.3ms completion_lag=256496.8ms
[STREAM] frame=699 t= 11.6s start_lag=256480.5ms completion_lag=256989.0ms
[STREAM] frame=700 t= 11.7s start_lag=256973.3ms completion_lag=257458.8ms
[STREAM] frame=701 t= 11.7s start_lag=257443.2ms completion_lag=257943.5ms
[STREAM] frame=702 t= 11.7s start_lag=257927.2ms completion_lag=258442.3ms
[STREAM] frame=703 t= 11.7s start_lag=258426.7ms completion_lag=258925.3ms
[STREAM] frame=704 t= 11.7s start_lag=258909.0ms completion_lag=259406.7ms
[STREAM] frame=705 t= 11.7s start_lag=259391.0ms completion_lag=259886.9ms
[STREAM] frame=706 t= 11.8s start_lag=259870.7ms completion_lag=260364.2ms
[STREAM] frame=707 t= 11.8s start_lag=260348.3ms completion_lag=260848.3ms
[STREAM] frame=708 t= 11.8s start_lag=260832.1ms completion_lag=261339.8ms
[STREAM] frame=709 t= 11.8s start_lag=261324.1ms completion_lag=261827.3ms
[STREAM] frame=710 t= 11.8s start_lag=261811.0ms completion_lag=262339.6ms
[STREAM] frame=711 t= 11.8s start_lag=262323.4ms completion_lag=262850.5ms
[STREAM] frame=712 t= 11.9s start_lag=262834.2ms completion_lag=263344.0ms
[STREAM] frame=713 t= 11.9s start_lag=263328.3ms completion_lag=263834.6ms
[STREAM] frame=714 t= 11.9s start_lag=263818.4ms completion_lag=264331.3ms
[STREAM] frame=715 t= 11.9s start_lag=264315.2ms completion_lag=264830.5ms
[STREAM] frame=716 t= 11.9s start_lag=264814.8ms completion_lag=265314.9ms
[STREAM] frame=717 t= 11.9s start_lag=265298.6ms completion_lag=265808.4ms
[STREAM] frame=718 t= 12.0s start_lag=265792.4ms completion_lag=266312.2ms
[STREAM] frame=719 t= 12.0s start_lag=266296.0ms completion_lag=266814.0ms
[STREAM] frame=720 t= 12.0s start_lag=266797.7ms completion_lag=267302.0ms
FPS: 2.5778974150410265
[STREAM] frame=721 t= 12.0s start_lag=267285.9ms completion_lag=267794.2ms
[STREAM] frame=722 t= 12.0s start_lag=267777.9ms completion_lag=268301.3ms
[STREAM] frame=723 t= 12.0s start_lag=268285.6ms completion_lag=268812.9ms
[STREAM] frame=724 t= 12.1s start_lag=268796.6ms completion_lag=269308.9ms
[STREAM] frame=725 t= 12.1s start_lag=269292.6ms completion_lag=269814.0ms
[STREAM] frame=726 t= 12.1s start_lag=269798.3ms completion_lag=270341.8ms
[STREAM] frame=727 t= 12.1s start_lag=270325.5ms completion_lag=270862.2ms
[STREAM] frame=728 t= 12.1s start_lag=270846.5ms completion_lag=271360.6ms
[STREAM] frame=729 t= 12.1s start_lag=271344.3ms completion_lag=271874.4ms
[STREAM] frame=730 t= 12.2s start_lag=271858.8ms completion_lag=272380.8ms
[STREAM] frame=731 t= 12.2s start_lag=272364.8ms completion_lag=272888.7ms
[STREAM] frame=732 t= 12.2s start_lag=272873.1ms completion_lag=273392.7ms
[STREAM] frame=733 t= 12.2s start_lag=273377.1ms completion_lag=273930.1ms
[STREAM] frame=734 t= 12.2s start_lag=273914.0ms completion_lag=274453.4ms
[STREAM] frame=735 t= 12.2s start_lag=274437.1ms completion_lag=274956.5ms
[STREAM] frame=736 t= 12.3s start_lag=274940.7ms completion_lag=275463.0ms
[STREAM] frame=737 t= 12.3s start_lag=275447.0ms completion_lag=275964.6ms
[STREAM] frame=738 t= 12.3s start_lag=275949.4ms completion_lag=276478.1ms
[STREAM] frame=739 t= 12.3s start_lag=276462.4ms completion_lag=277005.2ms
[STREAM] frame=740 t= 12.3s start_lag=276988.9ms completion_lag=277505.2ms
[STREAM] frame=741 t= 12.3s start_lag=277489.5ms completion_lag=278024.6ms
[STREAM] frame=742 t= 12.4s start_lag=278008.9ms completion_lag=278554.5ms
[STREAM] frame=743 t= 12.4s start_lag=278538.2ms completion_lag=279071.3ms
[STREAM] frame=744 t= 12.4s start_lag=279055.0ms completion_lag=279592.7ms
[STREAM] frame=745 t= 12.4s start_lag=279577.0ms completion_lag=280104.3ms
[STREAM] frame=746 t= 12.4s start_lag=280088.0ms completion_lag=280640.4ms
[STREAM] frame=747 t= 12.4s start_lag=280624.1ms completion_lag=281180.3ms
[STREAM] frame=748 t= 12.5s start_lag=281164.6ms completion_lag=281746.2ms
[STREAM] frame=749 t= 12.5s start_lag=281729.9ms completion_lag=282303.7ms
[STREAM] frame=750 t= 12.5s start_lag=282288.1ms completion_lag=282887.0ms
FPS: 2.539078050587144
[STREAM] frame=751 t= 12.5s start_lag=282871.3ms completion_lag=283474.1ms
[STREAM] frame=752 t= 12.5s start_lag=283458.4ms completion_lag=284059.0ms
[STREAM] frame=753 t= 12.5s start_lag=284043.5ms completion_lag=284622.5ms
[STREAM] frame=754 t= 12.6s start_lag=284606.8ms completion_lag=285180.5ms
[STREAM] frame=755 t= 12.6s start_lag=285164.8ms completion_lag=285768.7ms
[STREAM] frame=756 t= 12.6s start_lag=285753.0ms completion_lag=286334.6ms
[STREAM] frame=757 t= 12.6s start_lag=286318.3ms completion_lag=286896.2ms
[STREAM] frame=758 t= 12.6s start_lag=286879.9ms completion_lag=287489.6ms
[STREAM] frame=759 t= 12.6s start_lag=287473.9ms completion_lag=288048.6ms
[STREAM] frame=760 t= 12.7s start_lag=288032.9ms completion_lag=288625.3ms
[STREAM] frame=761 t= 12.7s start_lag=288609.2ms completion_lag=289185.8ms
[STREAM] frame=762 t= 12.7s start_lag=289169.5ms completion_lag=289768.4ms
[STREAM] frame=763 t= 12.7s start_lag=289752.7ms completion_lag=290357.9ms
[STREAM] frame=764 t= 12.7s start_lag=290341.7ms completion_lag=290916.0ms
[STREAM] frame=765 t= 12.7s start_lag=290899.8ms completion_lag=291487.0ms
[STREAM] frame=766 t= 12.8s start_lag=291471.3ms completion_lag=291739.6ms
[STREAM] frame=767 t= 12.8s start_lag=291724.0ms completion_lag=291990.6ms
[STREAM] frame=768 t= 12.8s start_lag=291974.9ms completion_lag=292233.9ms
[STREAM] frame=769 t= 12.8s start_lag=292219.7ms completion_lag=292470.9ms
[STREAM] frame=770 t= 12.8s start_lag=292455.2ms completion_lag=292724.1ms
[STREAM] frame=771 t= 12.8s start_lag=292707.8ms completion_lag=292973.6ms
[STREAM] frame=772 t= 12.9s start_lag=292957.9ms completion_lag=293213.1ms
[STREAM] frame=773 t= 12.9s start_lag=293196.9ms completion_lag=293452.3ms
[STREAM] frame=774 t= 12.9s start_lag=293436.1ms completion_lag=293712.3ms
[STREAM] frame=775 t= 12.9s start_lag=293696.0ms completion_lag=293967.9ms
[STREAM] frame=776 t= 12.9s start_lag=293951.6ms completion_lag=294218.8ms
[STREAM] frame=777 t= 12.9s start_lag=294202.5ms completion_lag=294463.9ms
[STREAM] frame=778 t= 13.0s start_lag=294448.2ms completion_lag=294721.7ms
[STREAM] frame=779 t= 13.0s start_lag=294706.1ms completion_lag=294976.0ms
[STREAM] frame=780 t= 13.0s start_lag=294959.7ms completion_lag=295218.1ms
FPS: 2.530705662881881
[STREAM] frame=781 t= 13.0s start_lag=295201.9ms completion_lag=295471.3ms
[STREAM] frame=782 t= 13.0s start_lag=295455.7ms completion_lag=295752.5ms
[STREAM] frame=783 t= 13.0s start_lag=295736.6ms completion_lag=296009.2ms
[STREAM] frame=784 t= 13.1s start_lag=295994.0ms completion_lag=296260.5ms
[STREAM] frame=785 t= 13.1s start_lag=296244.9ms completion_lag=296513.5ms
[STREAM] frame=786 t= 13.1s start_lag=296497.4ms completion_lag=296782.8ms
[STREAM] frame=787 t= 13.1s start_lag=296766.6ms completion_lag=297050.6ms
[STREAM] frame=788 t= 13.1s start_lag=297034.3ms completion_lag=297308.9ms
[STREAM] frame=789 t= 13.1s start_lag=297293.3ms completion_lag=297564.5ms
[STREAM] frame=790 t= 13.2s start_lag=297548.9ms completion_lag=297841.8ms
[STREAM] frame=791 t= 13.2s start_lag=297825.5ms completion_lag=298113.3ms
[STREAM] frame=792 t= 13.2s start_lag=298097.0ms completion_lag=298374.6ms
[STREAM] frame=793 t= 13.2s start_lag=298358.3ms completion_lag=298632.9ms
[STREAM] frame=794 t= 13.2s start_lag=298617.3ms completion_lag=298901.8ms
[STREAM] frame=795 t= 13.2s start_lag=298885.5ms completion_lag=299162.6ms
[STREAM] frame=796 t= 13.3s start_lag=299146.8ms completion_lag=299428.6ms
[STREAM] frame=797 t= 13.3s start_lag=299412.3ms completion_lag=299694.6ms
[STREAM] frame=798 t= 13.3s start_lag=299678.9ms completion_lag=299987.7ms
[STREAM] frame=799 t= 13.3s start_lag=299972.0ms completion_lag=300280.9ms
[STREAM] frame=800 t= 13.3s start_lag=300264.6ms completion_lag=300558.5ms
[STREAM] frame=801 t= 13.3s start_lag=300542.2ms completion_lag=300831.8ms
[STREAM] frame=802 t= 13.4s start_lag=300816.1ms completion_lag=301127.0ms
[STREAM] frame=803 t= 13.4s start_lag=301110.7ms completion_lag=301414.0ms
[STREAM] frame=804 t= 13.4s start_lag=301398.4ms completion_lag=301688.5ms
[STREAM] frame=805 t= 13.4s start_lag=301672.2ms completion_lag=301967.2ms
[STREAM] frame=806 t= 13.4s start_lag=301950.9ms completion_lag=302244.0ms
[STREAM] frame=807 t= 13.4s start_lag=302228.5ms completion_lag=302527.9ms
[STREAM] frame=808 t= 13.5s start_lag=302511.8ms completion_lag=302802.6ms
[STREAM] frame=809 t= 13.5s start_lag=302786.9ms completion_lag=303082.3ms
[STREAM] frame=810 t= 13.5s start_lag=303066.7ms completion_lag=303370.7ms
FPS: 2.5562731437417856
[STREAM] frame=811 t= 13.5s start_lag=303355.0ms completion_lag=303665.5ms
[STREAM] frame=812 t= 13.5s start_lag=303649.8ms completion_lag=303948.9ms
[STREAM] frame=813 t= 13.5s start_lag=303933.3ms completion_lag=304236.1ms
[STREAM] frame=814 t= 13.6s start_lag=304219.9ms completion_lag=304550.6ms
[STREAM] frame=815 t= 13.6s start_lag=304534.3ms completion_lag=304863.6ms
[STREAM] frame=816 t= 13.6s start_lag=304847.9ms completion_lag=305152.8ms
[STREAM] frame=817 t= 13.6s start_lag=305137.2ms completion_lag=305438.5ms
[STREAM] frame=818 t= 13.6s start_lag=305423.0ms completion_lag=305743.8ms
[STREAM] frame=819 t= 13.6s start_lag=305728.2ms completion_lag=306047.4ms
[STREAM] frame=820 t= 13.7s start_lag=306031.6ms completion_lag=306334.1ms
[STREAM] frame=821 t= 13.7s start_lag=306317.8ms completion_lag=306632.0ms
[STREAM] frame=822 t= 13.7s start_lag=306615.7ms completion_lag=306924.6ms
[STREAM] frame=823 t= 13.7s start_lag=306908.7ms completion_lag=307236.3ms
[STREAM] frame=824 t= 13.7s start_lag=307220.1ms completion_lag=307524.4ms
[STREAM] frame=825 t= 13.7s start_lag=307508.2ms completion_lag=307825.6ms
[STREAM] frame=826 t= 13.8s start_lag=307810.0ms completion_lag=308133.1ms
[STREAM] frame=827 t= 13.8s start_lag=308116.8ms completion_lag=308425.7ms
[STREAM] frame=828 t= 13.8s start_lag=308410.2ms completion_lag=308709.7ms
[STREAM] frame=829 t= 13.8s start_lag=308694.0ms completion_lag=309010.3ms
[STREAM] frame=830 t= 13.8s start_lag=308994.7ms completion_lag=309334.4ms
[STREAM] frame=831 t= 13.8s start_lag=309318.7ms completion_lag=309642.2ms
[STREAM] frame=832 t= 13.9s start_lag=309625.9ms completion_lag=309946.1ms
[STREAM] frame=833 t= 13.9s start_lag=309929.8ms completion_lag=310249.9ms
[STREAM] frame=834 t= 13.9s start_lag=310234.2ms completion_lag=310568.9ms
[STREAM] frame=835 t= 13.9s start_lag=310553.2ms completion_lag=310889.7ms
[STREAM] frame=836 t= 13.9s start_lag=310874.0ms completion_lag=311196.5ms
[STREAM] frame=837 t= 13.9s start_lag=311180.8ms completion_lag=311506.5ms
[STREAM] frame=838 t= 14.0s start_lag=311490.5ms completion_lag=311817.1ms
[STREAM] frame=839 t= 14.0s start_lag=311802.7ms completion_lag=312145.7ms
[STREAM] frame=840 t= 14.0s start_lag=312130.0ms completion_lag=312455.5ms
FPS: 2.573112637010694
[STREAM] frame=841 t= 14.0s start_lag=312439.8ms completion_lag=312758.0ms
[STREAM] frame=842 t= 14.0s start_lag=312742.2ms completion_lag=313084.9ms
[STREAM] frame=843 t= 14.0s start_lag=313068.7ms completion_lag=313395.5ms
[STREAM] frame=844 t= 14.1s start_lag=313381.5ms completion_lag=313716.5ms
[STREAM] frame=845 t= 14.1s start_lag=313700.8ms completion_lag=314026.6ms
[STREAM] frame=846 t= 14.1s start_lag=314011.0ms completion_lag=314362.0ms
[STREAM] frame=847 t= 14.1s start_lag=314345.7ms completion_lag=314688.5ms
[STREAM] frame=848 t= 14.1s start_lag=314672.8ms completion_lag=315035.0ms
[STREAM] frame=849 t= 14.1s start_lag=315019.2ms completion_lag=315367.5ms
[STREAM] frame=850 t= 14.2s start_lag=315351.3ms completion_lag=315697.0ms
[STREAM] frame=851 t= 14.2s start_lag=315681.3ms completion_lag=316009.6ms
[STREAM] frame=852 t= 14.2s start_lag=315993.4ms completion_lag=316341.2ms
[STREAM] frame=853 t= 14.2s start_lag=316324.9ms completion_lag=316675.1ms
[STREAM] frame=854 t= 14.2s start_lag=316658.8ms completion_lag=316991.9ms
[STREAM] frame=855 t= 14.2s start_lag=316976.2ms completion_lag=317322.0ms
[STREAM] frame=856 t= 14.3s start_lag=317306.3ms completion_lag=317671.5ms
[STREAM] frame=857 t= 14.3s start_lag=317655.2ms completion_lag=318001.5ms
[STREAM] frame=858 t= 14.3s start_lag=317985.9ms completion_lag=318321.3ms
[STREAM] frame=859 t= 14.3s start_lag=318305.6ms completion_lag=318636.6ms
[STREAM] frame=860 t= 14.3s start_lag=318620.9ms completion_lag=318979.7ms
[STREAM] frame=861 t= 14.3s start_lag=318964.3ms completion_lag=319334.1ms
[STREAM] frame=862 t= 14.4s start_lag=319318.4ms completion_lag=319705.0ms
[STREAM] frame=863 t= 14.4s start_lag=319688.7ms completion_lag=320065.0ms
[STREAM] frame=864 t= 14.4s start_lag=320048.7ms completion_lag=320418.1ms
[STREAM] frame=865 t= 14.4s start_lag=320402.8ms completion_lag=320767.8ms
[STREAM] frame=866 t= 14.4s start_lag=320752.1ms completion_lag=321128.6ms
[STREAM] frame=867 t= 14.4s start_lag=321113.0ms completion_lag=321477.5ms
[STREAM] frame=868 t= 14.5s start_lag=321461.9ms completion_lag=321849.7ms
[STREAM] frame=869 t= 14.5s start_lag=321835.3ms completion_lag=322226.1ms
[STREAM] frame=870 t= 14.5s start_lag=322210.4ms completion_lag=322576.8ms
FPS: 2.5810309912751106
[STREAM] frame=871 t= 14.5s start_lag=322561.2ms completion_lag=322939.8ms
[STREAM] frame=872 t= 14.5s start_lag=322924.1ms completion_lag=323311.0ms
[STREAM] frame=873 t= 14.5s start_lag=323295.3ms completion_lag=323686.7ms
[STREAM] frame=874 t= 14.6s start_lag=323671.0ms completion_lag=324046.0ms
[STREAM] frame=875 t= 14.6s start_lag=324030.0ms completion_lag=324396.2ms
[STREAM] frame=876 t= 14.6s start_lag=324379.9ms completion_lag=324775.5ms
[STREAM] frame=877 t= 14.6s start_lag=324759.9ms completion_lag=325154.0ms
[STREAM] frame=878 t= 14.6s start_lag=325138.3ms completion_lag=325514.3ms
[STREAM] frame=879 t= 14.6s start_lag=325498.3ms completion_lag=325867.7ms
[STREAM] frame=880 t= 14.7s start_lag=325851.8ms completion_lag=326225.1ms
[STREAM] frame=881 t= 14.7s start_lag=326209.4ms completion_lag=326601.7ms
[STREAM] frame=882 t= 14.7s start_lag=326586.0ms completion_lag=326974.9ms
[STREAM] frame=883 t= 14.7s start_lag=326958.6ms completion_lag=327350.0ms
[STREAM] frame=884 t= 14.7s start_lag=327333.8ms completion_lag=327719.0ms
[STREAM] frame=885 t= 14.7s start_lag=327703.3ms completion_lag=328089.2ms
[STREAM] frame=886 t= 14.8s start_lag=328073.3ms completion_lag=328456.9ms
[STREAM] frame=887 t= 14.8s start_lag=328440.6ms completion_lag=328827.7ms
[STREAM] frame=888 t= 14.8s start_lag=328811.4ms completion_lag=329234.3ms
[STREAM] frame=889 t= 14.8s start_lag=329218.6ms completion_lag=329634.4ms
[STREAM] frame=890 t= 14.8s start_lag=329618.1ms completion_lag=330025.8ms
[STREAM] frame=891 t= 14.8s start_lag=330009.5ms completion_lag=330398.4ms
[STREAM] frame=892 t= 14.9s start_lag=330382.7ms completion_lag=330770.7ms
[STREAM] frame=893 t= 14.9s start_lag=330754.4ms completion_lag=331151.8ms
[STREAM] frame=894 t= 14.9s start_lag=331140.2ms completion_lag=331530.6ms
[STREAM] frame=895 t= 14.9s start_lag=331515.0ms completion_lag=331913.9ms
[STREAM] frame=896 t= 14.9s start_lag=331898.2ms completion_lag=332307.2ms
[STREAM] frame=897 t= 14.9s start_lag=332291.8ms completion_lag=332718.9ms
[STREAM] frame=898 t= 15.0s start_lag=332702.9ms completion_lag=333105.8ms
[STREAM] frame=899 t= 15.0s start_lag=333089.6ms completion_lag=333495.6ms
[STREAM] frame=900 t= 15.0s start_lag=333479.9ms completion_lag=333887.7ms
FPS: 2.5796388777580104
[STREAM] frame=901 t= 15.0s start_lag=333871.6ms completion_lag=334288.9ms
[STREAM] frame=902 t= 15.0s start_lag=334272.6ms completion_lag=334676.3ms
[STREAM] frame=903 t= 15.0s start_lag=334660.6ms completion_lag=335082.0ms
[STREAM] frame=904 t= 15.1s start_lag=335066.6ms completion_lag=335501.5ms
[STREAM] frame=905 t= 15.1s start_lag=335485.8ms completion_lag=335915.7ms
[STREAM] frame=906 t= 15.1s start_lag=335900.0ms completion_lag=336328.8ms
[STREAM] frame=907 t= 15.1s start_lag=336313.0ms completion_lag=336731.8ms
[STREAM] frame=908 t= 15.1s start_lag=336715.5ms completion_lag=337124.7ms
[STREAM] frame=909 t= 15.1s start_lag=337108.6ms completion_lag=337528.7ms
[STREAM] frame=910 t= 15.2s start_lag=337512.4ms completion_lag=337930.5ms
[STREAM] frame=911 t= 15.2s start_lag=337914.6ms completion_lag=338334.0ms
[STREAM] frame=912 t= 15.2s start_lag=338318.6ms completion_lag=338769.8ms
[STREAM] frame=913 t= 15.2s start_lag=338754.1ms completion_lag=339195.6ms
[STREAM] frame=914 t= 15.2s start_lag=339179.9ms completion_lag=339618.3ms
[STREAM] frame=915 t= 15.2s start_lag=339602.7ms completion_lag=340035.1ms
[STREAM] frame=916 t= 15.3s start_lag=340019.3ms completion_lag=340457.2ms
[STREAM] frame=917 t= 15.3s start_lag=340441.2ms completion_lag=340865.4ms
[STREAM] frame=918 t= 15.3s start_lag=340849.5ms completion_lag=341276.1ms
[STREAM] frame=919 t= 15.3s start_lag=341260.4ms completion_lag=341704.0ms
[STREAM] frame=920 t= 15.3s start_lag=341688.4ms completion_lag=342134.8ms
Database retrieval 2 :  {0}
[STREAM] frame=921 t= 15.3s start_lag=342119.1ms completion_lag=342994.2ms
[STREAM] frame=922 t= 15.4s start_lag=342978.0ms completion_lag=343446.3ms
[STREAM] frame=923 t= 15.4s start_lag=343430.0ms completion_lag=343865.9ms
[STREAM] frame=924 t= 15.4s start_lag=343850.2ms completion_lag=344298.5ms
[STREAM] frame=925 t= 15.4s start_lag=344282.2ms completion_lag=344721.0ms
[STREAM] frame=926 t= 15.4s start_lag=344705.0ms completion_lag=345138.6ms
[STREAM] frame=927 t= 15.4s start_lag=345122.3ms completion_lag=345578.6ms
[STREAM] frame=928 t= 15.5s start_lag=345562.9ms completion_lag=346044.0ms
[STREAM] frame=929 t= 15.5s start_lag=346028.1ms completion_lag=346505.3ms
[STREAM] frame=930 t= 15.5s start_lag=346488.9ms completion_lag=346961.9ms
FPS: 2.56579488554944
[STREAM] frame=931 t= 15.5s start_lag=346946.3ms completion_lag=347402.6ms
[STREAM] frame=932 t= 15.5s start_lag=347386.9ms completion_lag=347846.1ms
[STREAM] frame=933 t= 15.5s start_lag=347830.4ms completion_lag=348279.8ms
[STREAM] frame=934 t= 15.6s start_lag=348264.1ms completion_lag=348717.0ms
[STREAM] frame=935 t= 15.6s start_lag=348701.4ms completion_lag=349169.3ms
[STREAM] frame=936 t= 15.6s start_lag=349153.0ms completion_lag=349635.0ms
[STREAM] frame=937 t= 15.6s start_lag=349619.1ms completion_lag=350099.0ms
[STREAM] frame=938 t= 15.6s start_lag=350082.7ms completion_lag=350583.2ms
[STREAM] frame=939 t= 15.6s start_lag=350567.5ms completion_lag=351046.1ms
[STREAM] frame=940 t= 15.7s start_lag=351030.1ms completion_lag=351502.6ms
[STREAM] frame=941 t= 15.7s start_lag=351486.3ms completion_lag=351956.3ms
[STREAM] frame=942 t= 15.7s start_lag=351940.6ms completion_lag=352409.9ms
[STREAM] frame=943 t= 15.7s start_lag=352393.6ms completion_lag=352873.5ms
[STREAM] frame=944 t= 15.7s start_lag=352857.6ms completion_lag=353363.8ms
[STREAM] frame=945 t= 15.7s start_lag=353348.2ms completion_lag=353844.9ms
[STREAM] frame=946 t= 15.8s start_lag=353828.9ms completion_lag=354333.1ms
[STREAM] frame=947 t= 15.8s start_lag=354316.8ms completion_lag=354796.7ms
[STREAM] frame=948 t= 15.8s start_lag=354780.4ms completion_lag=355258.1ms
[STREAM] frame=949 t= 15.8s start_lag=355241.8ms completion_lag=355730.0ms
[STREAM] frame=950 t= 15.8s start_lag=355713.7ms completion_lag=356201.9ms
[STREAM] frame=951 t= 15.8s start_lag=356186.4ms completion_lag=356684.8ms
[STREAM] frame=952 t= 15.9s start_lag=356669.1ms completion_lag=357170.2ms
[STREAM] frame=953 t= 15.9s start_lag=357154.3ms completion_lag=357660.1ms
[STREAM] frame=954 t= 15.9s start_lag=357643.8ms completion_lag=358140.9ms
[STREAM] frame=955 t= 15.9s start_lag=358125.4ms completion_lag=358618.1ms
[STREAM] frame=956 t= 15.9s start_lag=358601.9ms completion_lag=359099.3ms
[STREAM] frame=957 t= 15.9s start_lag=359083.7ms completion_lag=359571.9ms
[STREAM] frame=958 t= 16.0s start_lag=359555.6ms completion_lag=360061.7ms
[STREAM] frame=959 t= 16.0s start_lag=360045.4ms completion_lag=360551.8ms
[STREAM] frame=960 t= 16.0s start_lag=360535.9ms completion_lag=361037.9ms
FPS: 2.546167407595418
[STREAM] frame=961 t= 16.0s start_lag=361021.6ms completion_lag=361534.3ms
[STREAM] frame=962 t= 16.0s start_lag=361518.0ms completion_lag=362021.8ms
[STREAM] frame=963 t= 16.0s start_lag=362006.2ms completion_lag=362508.1ms
[STREAM] frame=964 t= 16.1s start_lag=362492.4ms completion_lag=362997.0ms
[STREAM] frame=965 t= 16.1s start_lag=362980.7ms completion_lag=363490.8ms
[STREAM] frame=966 t= 16.1s start_lag=363474.7ms completion_lag=363976.6ms
[STREAM] frame=967 t= 16.1s start_lag=363960.8ms completion_lag=364481.2ms
[STREAM] frame=968 t= 16.1s start_lag=364464.9ms completion_lag=365002.3ms
[STREAM] frame=969 t= 16.1s start_lag=364986.6ms completion_lag=365524.4ms
[STREAM] frame=970 t= 16.2s start_lag=365508.8ms completion_lag=366057.3ms
[STREAM] frame=971 t= 16.2s start_lag=366040.9ms completion_lag=366568.6ms
[STREAM] frame=972 t= 16.2s start_lag=366552.3ms completion_lag=367073.7ms
[STREAM] frame=973 t= 16.2s start_lag=367057.4ms completion_lag=367575.1ms
[STREAM] frame=974 t= 16.2s start_lag=367559.5ms completion_lag=368063.8ms
[STREAM] frame=975 t= 16.2s start_lag=368048.1ms completion_lag=368571.6ms
[STREAM] frame=976 t= 16.3s start_lag=368555.3ms completion_lag=369100.0ms
[STREAM] frame=977 t= 16.3s start_lag=369083.7ms completion_lag=369609.3ms
[STREAM] frame=978 t= 16.3s start_lag=369593.1ms completion_lag=370139.9ms
[STREAM] frame=979 t= 16.3s start_lag=370123.7ms completion_lag=370647.9ms
[STREAM] frame=980 t= 16.3s start_lag=370632.2ms completion_lag=371155.9ms
[STREAM] frame=981 t= 16.3s start_lag=371140.1ms completion_lag=371688.4ms
[STREAM] frame=982 t= 16.4s start_lag=371672.2ms completion_lag=372203.0ms
[STREAM] frame=983 t= 16.4s start_lag=372186.9ms completion_lag=372732.0ms
[STREAM] frame=984 t= 16.4s start_lag=372715.7ms completion_lag=373285.7ms
[STREAM] frame=985 t= 16.4s start_lag=373269.5ms completion_lag=373825.7ms
[STREAM] frame=986 t= 16.4s start_lag=373809.9ms completion_lag=374367.8ms
[STREAM] frame=987 t= 16.4s start_lag=374352.1ms completion_lag=374901.4ms
[STREAM] frame=988 t= 16.5s start_lag=374885.7ms completion_lag=375435.9ms
[STREAM] frame=989 t= 16.5s start_lag=375420.2ms completion_lag=375975.1ms
[STREAM] frame=990 t= 16.5s start_lag=375959.5ms completion_lag=376504.3ms
FPS: 2.519057057531867
[STREAM] frame=991 t= 16.5s start_lag=376488.7ms completion_lag=377043.7ms
[STREAM] frame=992 t= 16.5s start_lag=377028.0ms completion_lag=377563.5ms
[STREAM] frame=993 t= 16.5s start_lag=377547.9ms completion_lag=378113.2ms
[STREAM] frame=994 t= 16.6s start_lag=378097.5ms completion_lag=378646.5ms
[STREAM] frame=995 t= 16.6s start_lag=378630.5ms completion_lag=379163.3ms
[STREAM] frame=996 t= 16.6s start_lag=379147.6ms completion_lag=379717.9ms
[STREAM] frame=997 t= 16.6s start_lag=379702.3ms completion_lag=380276.0ms
[STREAM] frame=998 t= 16.6s start_lag=380259.7ms completion_lag=380839.3ms
[STREAM] frame=999 t= 16.6s start_lag=380823.0ms completion_lag=381420.8ms
[STREAM] frame=1000 t= 16.7s start_lag=381404.9ms completion_lag=382017.6ms
[STREAM] frame=1001 t= 16.7s start_lag=382001.6ms completion_lag=382592.5ms
[STREAM] frame=1002 t= 16.7s start_lag=382576.2ms completion_lag=383169.7ms
[STREAM] frame=1003 t= 16.7s start_lag=383153.4ms completion_lag=383741.8ms
[STREAM] frame=1004 t= 16.7s start_lag=383726.2ms completion_lag=384330.9ms
[STREAM] frame=1005 t= 16.8s start_lag=384315.2ms completion_lag=384916.0ms
[STREAM] frame=1006 t= 16.8s start_lag=384900.3ms completion_lag=385487.2ms
[STREAM] frame=1007 t= 16.8s start_lag=385471.5ms completion_lag=386074.0ms
[STREAM] frame=1008 t= 16.8s start_lag=386057.7ms completion_lag=386679.1ms
[STREAM] frame=1009 t= 16.8s start_lag=386662.8ms completion_lag=387289.9ms
[STREAM] frame=1010 t= 16.8s start_lag=387273.7ms completion_lag=387881.2ms
[STREAM] frame=1011 t= 16.9s start_lag=387864.9ms completion_lag=388480.5ms
[STREAM] frame=1012 t= 16.9s start_lag=388464.8ms completion_lag=389081.3ms
[STREAM] frame=1013 t= 16.9s start_lag=389065.7ms completion_lag=389674.3ms
[STREAM] frame=1014 t= 16.9s start_lag=389658.0ms completion_lag=390255.5ms
[STREAM] frame=1015 t= 16.9s start_lag=390239.2ms completion_lag=390846.4ms
[STREAM] frame=1016 t= 16.9s start_lag=390830.8ms completion_lag=391088.3ms
[STREAM] frame=1017 t= 17.0s start_lag=391072.5ms completion_lag=391325.6ms
[STREAM] frame=1018 t= 17.0s start_lag=391310.0ms completion_lag=391560.9ms
[STREAM] frame=1019 t= 17.0s start_lag=391545.4ms completion_lag=391798.1ms
[STREAM] frame=1020 t= 17.0s start_lag=391781.8ms completion_lag=392057.8ms
FPS: 2.49353273054922
[STREAM] frame=1021 t= 17.0s start_lag=392041.7ms completion_lag=392321.2ms
[STREAM] frame=1022 t= 17.0s start_lag=392305.0ms completion_lag=392568.8ms
[STREAM] frame=1023 t= 17.1s start_lag=392552.7ms completion_lag=392822.9ms
[STREAM] frame=1024 t= 17.1s start_lag=392807.3ms completion_lag=393095.6ms
[STREAM] frame=1025 t= 17.1s start_lag=393079.9ms completion_lag=393364.1ms
[STREAM] frame=1026 t= 17.1s start_lag=393348.4ms completion_lag=393608.3ms
[STREAM] frame=1027 t= 17.1s start_lag=393592.1ms completion_lag=393861.7ms
[STREAM] frame=1028 t= 17.1s start_lag=393845.5ms completion_lag=394109.5ms
[STREAM] frame=1029 t= 17.2s start_lag=394093.3ms completion_lag=394357.9ms
[STREAM] frame=1030 t= 17.2s start_lag=394341.6ms completion_lag=394616.3ms
[STREAM] frame=1031 t= 17.2s start_lag=394600.1ms completion_lag=394857.3ms
[STREAM] frame=1032 t= 17.2s start_lag=394841.1ms completion_lag=395136.0ms
[STREAM] frame=1033 t= 17.2s start_lag=395119.7ms completion_lag=395405.1ms
[STREAM] frame=1034 t= 17.2s start_lag=395388.8ms completion_lag=395656.7ms
[STREAM] frame=1035 t= 17.3s start_lag=395640.4ms completion_lag=395915.9ms
[STREAM] frame=1036 t= 17.3s start_lag=395899.9ms completion_lag=396175.1ms
[STREAM] frame=1037 t= 17.3s start_lag=396159.5ms completion_lag=396446.0ms
[STREAM] frame=1038 t= 17.3s start_lag=396430.3ms completion_lag=396708.7ms
[STREAM] frame=1039 t= 17.3s start_lag=396693.0ms completion_lag=396965.6ms
[STREAM] frame=1040 t= 17.3s start_lag=396949.2ms completion_lag=397238.6ms
[STREAM] frame=1041 t= 17.4s start_lag=397222.4ms completion_lag=397509.4ms
[STREAM] frame=1042 t= 17.4s start_lag=397493.2ms completion_lag=397771.0ms
[STREAM] frame=1043 t= 17.4s start_lag=397754.7ms completion_lag=398035.5ms
[STREAM] frame=1044 t= 17.4s start_lag=398019.3ms completion_lag=398313.4ms
[STREAM] frame=1045 t= 17.4s start_lag=398297.8ms completion_lag=398589.2ms
[STREAM] frame=1046 t= 17.4s start_lag=398573.6ms completion_lag=398848.4ms
[STREAM] frame=1047 t= 17.5s start_lag=398832.0ms completion_lag=399117.7ms
[STREAM] frame=1048 t= 17.5s start_lag=399102.0ms completion_lag=399401.6ms
[STREAM] frame=1049 t= 17.5s start_lag=399385.3ms completion_lag=399681.4ms
[STREAM] frame=1050 t= 17.5s start_lag=399665.2ms completion_lag=399949.8ms
FPS: 2.515267245808423
[STREAM] frame=1051 t= 17.5s start_lag=399934.3ms completion_lag=400215.8ms
[STREAM] frame=1052 t= 17.5s start_lag=400199.6ms completion_lag=400486.0ms
[STREAM] frame=1053 t= 17.6s start_lag=400469.8ms completion_lag=400772.1ms
[STREAM] frame=1054 t= 17.6s start_lag=400756.5ms completion_lag=401037.9ms
[STREAM] frame=1055 t= 17.6s start_lag=401022.1ms completion_lag=401317.5ms
[STREAM] frame=1056 t= 17.6s start_lag=401301.8ms completion_lag=401606.5ms
[STREAM] frame=1057 t= 17.6s start_lag=401590.7ms completion_lag=401894.9ms
[STREAM] frame=1058 t= 17.6s start_lag=401878.7ms completion_lag=402167.6ms
[STREAM] frame=1059 t= 17.7s start_lag=402152.0ms completion_lag=402443.5ms
[STREAM] frame=1060 t= 17.7s start_lag=402427.8ms completion_lag=402746.7ms
[STREAM] frame=1061 t= 17.7s start_lag=402731.1ms completion_lag=403032.8ms
[STREAM] frame=1062 t= 17.7s start_lag=403017.1ms completion_lag=403315.1ms
[STREAM] frame=1063 t= 17.7s start_lag=403299.6ms completion_lag=403590.5ms
[STREAM] frame=1064 t= 17.7s start_lag=403574.2ms completion_lag=403871.8ms
[STREAM] frame=1065 t= 17.8s start_lag=403856.2ms completion_lag=404166.1ms
[STREAM] frame=1066 t= 17.8s start_lag=404149.8ms completion_lag=404450.1ms
[STREAM] frame=1067 t= 17.8s start_lag=404433.8ms completion_lag=404734.2ms
[STREAM] frame=1068 t= 17.8s start_lag=404718.0ms completion_lag=405035.1ms
[STREAM] frame=1069 t= 17.8s start_lag=405018.9ms completion_lag=405324.6ms
[STREAM] frame=1070 t= 17.8s start_lag=405309.1ms completion_lag=405614.9ms
[STREAM] frame=1071 t= 17.9s start_lag=405598.6ms completion_lag=405902.3ms
[STREAM] frame=1072 t= 17.9s start_lag=405886.7ms completion_lag=406208.5ms
[STREAM] frame=1073 t= 17.9s start_lag=406192.3ms completion_lag=406518.7ms
[STREAM] frame=1074 t= 17.9s start_lag=406502.5ms completion_lag=406796.7ms
[STREAM] frame=1075 t= 17.9s start_lag=406781.0ms completion_lag=407094.3ms
[STREAM] frame=1076 t= 17.9s start_lag=407078.3ms completion_lag=407404.2ms
[STREAM] frame=1077 t= 18.0s start_lag=407388.5ms completion_lag=407713.3ms
[STREAM] frame=1078 t= 18.0s start_lag=407697.6ms completion_lag=408005.8ms
[STREAM] frame=1079 t= 18.0s start_lag=407989.6ms completion_lag=408302.4ms
[STREAM] frame=1080 t= 18.0s start_lag=408286.8ms completion_lag=408616.3ms
FPS: 2.5315409024937585
[STREAM] frame=1081 t= 18.0s start_lag=408600.4ms completion_lag=408935.9ms
[STREAM] frame=1082 t= 18.0s start_lag=408920.1ms completion_lag=409224.2ms
[STREAM] frame=1083 t= 18.1s start_lag=409208.5ms completion_lag=409521.1ms
[STREAM] frame=1084 t= 18.1s start_lag=409505.4ms completion_lag=409856.9ms
[STREAM] frame=1085 t= 18.1s start_lag=409841.2ms completion_lag=410185.1ms
[STREAM] frame=1086 t= 18.1s start_lag=410168.9ms completion_lag=410483.3ms
[STREAM] frame=1087 t= 18.1s start_lag=410467.6ms completion_lag=410793.3ms
[STREAM] frame=1088 t= 18.1s start_lag=410777.0ms completion_lag=411114.5ms
[STREAM] frame=1089 t= 18.2s start_lag=411098.7ms completion_lag=411435.9ms
[STREAM] frame=1090 t= 18.2s start_lag=411419.6ms completion_lag=411743.0ms
[STREAM] frame=1091 t= 18.2s start_lag=411726.7ms completion_lag=412051.2ms
[STREAM] frame=1092 t= 18.2s start_lag=412035.5ms completion_lag=412364.1ms
[STREAM] frame=1093 t= 18.2s start_lag=412347.8ms completion_lag=412683.4ms
[STREAM] frame=1094 t= 18.2s start_lag=412667.1ms completion_lag=412993.6ms
[STREAM] frame=1095 t= 18.3s start_lag=412977.9ms completion_lag=413299.5ms
[STREAM] frame=1096 t= 18.3s start_lag=413283.8ms completion_lag=413615.4ms
[STREAM] frame=1097 t= 18.3s start_lag=413599.5ms completion_lag=413950.8ms
[STREAM] frame=1098 t= 18.3s start_lag=413935.0ms completion_lag=414266.1ms
[STREAM] frame=1099 t= 18.3s start_lag=414249.8ms completion_lag=414583.2ms
[STREAM] frame=1100 t= 18.3s start_lag=414566.9ms completion_lag=414920.4ms
[STREAM] frame=1101 t= 18.4s start_lag=414904.2ms completion_lag=415237.5ms
[STREAM] frame=1102 t= 18.4s start_lag=415221.9ms completion_lag=415575.6ms
[STREAM] frame=1103 t= 18.4s start_lag=415559.3ms completion_lag=415902.0ms
[STREAM] frame=1104 t= 18.4s start_lag=415886.1ms completion_lag=416242.0ms
[STREAM] frame=1105 t= 18.4s start_lag=416226.4ms completion_lag=416558.3ms
[STREAM] frame=1106 t= 18.4s start_lag=416542.8ms completion_lag=416862.9ms
[STREAM] frame=1107 t= 18.5s start_lag=416846.6ms completion_lag=417182.7ms
[STREAM] frame=1108 t= 18.5s start_lag=417166.4ms completion_lag=417507.2ms
[STREAM] frame=1109 t= 18.5s start_lag=417491.0ms completion_lag=417832.4ms
[STREAM] frame=1110 t= 18.5s start_lag=417816.1ms completion_lag=418159.6ms
FPS: 2.5420153570838644
[STREAM] frame=1111 t= 18.5s start_lag=418143.3ms completion_lag=418485.8ms
[STREAM] frame=1112 t= 18.5s start_lag=418473.3ms completion_lag=418854.2ms
[STREAM] frame=1113 t= 18.6s start_lag=418837.9ms completion_lag=419196.2ms
[STREAM] frame=1114 t= 18.6s start_lag=419180.0ms completion_lag=419546.3ms
[STREAM] frame=1115 t= 18.6s start_lag=419530.0ms completion_lag=419887.3ms
[STREAM] frame=1116 t= 18.6s start_lag=419871.6ms completion_lag=420233.5ms
[STREAM] frame=1117 t= 18.6s start_lag=420217.3ms completion_lag=420577.2ms
[STREAM] frame=1118 t= 18.6s start_lag=420561.2ms completion_lag=420934.7ms
[STREAM] frame=1119 t= 18.7s start_lag=420918.4ms completion_lag=421298.5ms
[STREAM] frame=1120 t= 18.7s start_lag=421282.2ms completion_lag=421634.1ms
[STREAM] frame=1121 t= 18.7s start_lag=421617.9ms completion_lag=421958.3ms
[STREAM] frame=1122 t= 18.7s start_lag=421942.1ms completion_lag=422272.6ms
[STREAM] frame=1123 t= 18.7s start_lag=422256.2ms completion_lag=422586.4ms
[STREAM] frame=1124 t= 18.7s start_lag=422570.1ms completion_lag=422912.5ms
[STREAM] frame=1125 t= 18.8s start_lag=422896.7ms completion_lag=423220.7ms
[STREAM] frame=1126 t= 18.8s start_lag=423204.4ms completion_lag=423566.8ms
[STREAM] frame=1127 t= 18.8s start_lag=423551.2ms completion_lag=423924.3ms
[STREAM] frame=1128 t= 18.8s start_lag=423908.0ms completion_lag=424295.9ms
[STREAM] frame=1129 t= 18.8s start_lag=424279.6ms completion_lag=424638.6ms
[STREAM] frame=1130 t= 18.8s start_lag=424622.4ms completion_lag=424979.3ms
[STREAM] frame=1131 t= 18.9s start_lag=424963.9ms completion_lag=425320.0ms
[STREAM] frame=1132 t= 18.9s start_lag=425303.7ms completion_lag=425668.1ms
[STREAM] frame=1133 t= 18.9s start_lag=425651.8ms completion_lag=426033.6ms
[STREAM] frame=1134 t= 18.9s start_lag=426017.9ms completion_lag=426430.6ms
[STREAM] frame=1135 t= 18.9s start_lag=426414.9ms completion_lag=426813.2ms
[STREAM] frame=1136 t= 18.9s start_lag=426797.6ms completion_lag=427185.0ms
[STREAM] frame=1137 t= 19.0s start_lag=427169.4ms completion_lag=427556.5ms
[STREAM] frame=1138 t= 19.0s start_lag=427540.3ms completion_lag=427928.2ms
[STREAM] frame=1139 t= 19.0s start_lag=427912.5ms completion_lag=428300.4ms
[STREAM] frame=1140 t= 19.0s start_lag=428284.2ms completion_lag=428670.7ms
FPS: 2.546501443822531
[STREAM] frame=1141 t= 19.0s start_lag=428654.4ms completion_lag=429043.1ms
[STREAM] frame=1142 t= 19.0s start_lag=429027.4ms completion_lag=429441.2ms
[STREAM] frame=1143 t= 19.1s start_lag=429425.5ms completion_lag=429835.7ms
[STREAM] frame=1144 t= 19.1s start_lag=429820.0ms completion_lag=430231.4ms
[STREAM] frame=1145 t= 19.1s start_lag=430215.8ms completion_lag=430601.8ms
[STREAM] frame=1146 t= 19.1s start_lag=430585.5ms completion_lag=430966.9ms
[STREAM] frame=1147 t= 19.1s start_lag=430950.6ms completion_lag=431347.8ms
[STREAM] frame=1148 t= 19.1s start_lag=431332.1ms completion_lag=431730.8ms
[STREAM] frame=1149 t= 19.2s start_lag=431714.5ms completion_lag=432126.3ms
[STREAM] frame=1150 t= 19.2s start_lag=432110.8ms completion_lag=432544.0ms
[STREAM] frame=1151 t= 19.2s start_lag=432527.7ms completion_lag=432964.6ms
[STREAM] frame=1152 t= 19.2s start_lag=432948.9ms completion_lag=433376.7ms
[STREAM] frame=1153 t= 19.2s start_lag=433364.9ms completion_lag=433785.2ms
[STREAM] frame=1154 t= 19.2s start_lag=433768.9ms completion_lag=434186.5ms
[STREAM] frame=1155 t= 19.3s start_lag=434170.6ms completion_lag=434581.4ms
[STREAM] frame=1156 t= 19.3s start_lag=434565.1ms completion_lag=434972.6ms
[STREAM] frame=1157 t= 19.3s start_lag=434956.5ms completion_lag=435373.2ms
[STREAM] frame=1158 t= 19.3s start_lag=435357.0ms completion_lag=435793.9ms
[STREAM] frame=1159 t= 19.3s start_lag=435778.2ms completion_lag=436202.7ms
[STREAM] frame=1160 t= 19.3s start_lag=436186.4ms completion_lag=436608.2ms
[STREAM] frame=1161 t= 19.4s start_lag=436592.4ms completion_lag=436998.5ms
[STREAM] frame=1162 t= 19.4s start_lag=436982.5ms completion_lag=437395.9ms
[STREAM] frame=1163 t= 19.4s start_lag=437379.6ms completion_lag=437787.4ms
[STREAM] frame=1164 t= 19.4s start_lag=437771.1ms completion_lag=438185.0ms
[STREAM] frame=1165 t= 19.4s start_lag=438168.7ms completion_lag=438610.9ms
[STREAM] frame=1166 t= 19.4s start_lag=438595.2ms completion_lag=439035.8ms
[STREAM] frame=1167 t= 19.5s start_lag=439019.7ms completion_lag=439473.6ms
[STREAM] frame=1168 t= 19.5s start_lag=439458.0ms completion_lag=439909.3ms
[STREAM] frame=1169 t= 19.5s start_lag=439893.1ms completion_lag=440332.5ms
[STREAM] frame=1170 t= 19.5s start_lag=440316.2ms completion_lag=440753.8ms
FPS: 2.5420601469819233
[STREAM] frame=1171 t= 19.5s start_lag=440738.2ms completion_lag=441173.1ms
[STREAM] frame=1172 t= 19.5s start_lag=441157.1ms completion_lag=441592.6ms
[STREAM] frame=1173 t= 19.6s start_lag=441576.4ms completion_lag=442010.9ms
[STREAM] frame=1174 t= 19.6s start_lag=441995.0ms completion_lag=442451.4ms
[STREAM] frame=1175 t= 19.6s start_lag=442435.1ms completion_lag=442893.0ms
[STREAM] frame=1176 t= 19.6s start_lag=442877.4ms completion_lag=443321.6ms
[STREAM] frame=1177 t= 19.6s start_lag=443305.9ms completion_lag=443740.6ms
[STREAM] frame=1178 t= 19.6s start_lag=443725.0ms completion_lag=444166.0ms
[STREAM] frame=1179 t= 19.7s start_lag=444150.1ms completion_lag=444594.7ms
[STREAM] frame=1180 t= 19.7s start_lag=444578.7ms completion_lag=445018.3ms
[STREAM] frame=1181 t= 19.7s start_lag=445002.2ms completion_lag=445462.7ms
[STREAM] frame=1182 t= 19.7s start_lag=445446.6ms completion_lag=445931.5ms
[STREAM] frame=1183 t= 19.7s start_lag=445915.2ms completion_lag=446394.7ms
[STREAM] frame=1184 t= 19.7s start_lag=446379.0ms completion_lag=446865.2ms
[STREAM] frame=1185 t= 19.8s start_lag=446848.9ms completion_lag=447315.2ms
[STREAM] frame=1186 t= 19.8s start_lag=447298.9ms completion_lag=447764.7ms
[STREAM] frame=1187 t= 19.8s start_lag=447748.7ms completion_lag=448206.9ms
[STREAM] frame=1188 t= 19.8s start_lag=448191.5ms completion_lag=448654.0ms
[STREAM] frame=1189 t= 19.8s start_lag=448638.0ms completion_lag=449098.5ms
[STREAM] frame=1190 t= 19.8s start_lag=449082.9ms completion_lag=449564.9ms
[STREAM] frame=1191 t= 19.9s start_lag=449548.8ms completion_lag=450029.4ms
[STREAM] frame=1192 t= 19.9s start_lag=450013.2ms completion_lag=450495.1ms
[STREAM] frame=1193 t= 19.9s start_lag=450478.9ms completion_lag=450939.6ms
[STREAM] frame=1194 t= 19.9s start_lag=450923.3ms completion_lag=451393.4ms
[STREAM] frame=1195 t= 19.9s start_lag=451377.4ms completion_lag=451838.7ms
[STREAM] frame=1196 t= 19.9s start_lag=451823.0ms completion_lag=452289.5ms
[STREAM] frame=1197 t= 20.0s start_lag=452273.2ms completion_lag=452761.9ms
[STREAM] frame=1198 t= 20.0s start_lag=452746.2ms completion_lag=453233.8ms
[STREAM] frame=1199 t= 20.0s start_lag=453217.8ms completion_lag=453708.3ms
[STREAM] frame=1200 t= 20.0s start_lag=453692.5ms completion_lag=454198.1ms
FPS: 2.530570256149952
[STREAM] frame=1201 t= 20.0s start_lag=454181.8ms completion_lag=454658.5ms
[STREAM] frame=1202 t= 20.0s start_lag=454642.8ms completion_lag=455132.9ms
[STREAM] frame=1203 t= 20.1s start_lag=455117.1ms completion_lag=455596.6ms
[STREAM] frame=1204 t= 20.1s start_lag=455580.3ms completion_lag=456059.2ms
[STREAM] frame=1205 t= 20.1s start_lag=456043.5ms completion_lag=456521.4ms
[STREAM] frame=1206 t= 20.1s start_lag=456505.2ms completion_lag=457010.2ms
[STREAM] frame=1207 t= 20.1s start_lag=456993.9ms completion_lag=457499.7ms
[STREAM] frame=1208 t= 20.1s start_lag=457483.4ms completion_lag=457979.3ms
[STREAM] frame=1209 t= 20.2s start_lag=457963.0ms completion_lag=458462.5ms
[STREAM] frame=1210 t= 20.2s start_lag=458446.3ms completion_lag=458927.6ms
[STREAM] frame=1211 t= 20.2s start_lag=458911.7ms completion_lag=459383.5ms
[STREAM] frame=1212 t= 20.2s start_lag=459367.8ms completion_lag=459848.4ms
[STREAM] frame=1213 t= 20.2s start_lag=459832.1ms completion_lag=460333.9ms
[STREAM] frame=1214 t= 20.2s start_lag=460318.2ms completion_lag=460830.4ms
[STREAM] frame=1215 t= 20.3s start_lag=460814.2ms completion_lag=461327.6ms
[STREAM] frame=1216 t= 20.3s start_lag=461311.9ms completion_lag=461823.8ms
[STREAM] frame=1217 t= 20.3s start_lag=461807.6ms completion_lag=462308.4ms
[STREAM] frame=1218 t= 20.3s start_lag=462292.1ms completion_lag=462810.6ms
[STREAM] frame=1219 t= 20.3s start_lag=462795.0ms completion_lag=463310.3ms
[STREAM] frame=1220 t= 20.3s start_lag=463294.5ms completion_lag=463797.1ms
[STREAM] frame=1221 t= 20.4s start_lag=463781.1ms completion_lag=464280.5ms
[STREAM] frame=1222 t= 20.4s start_lag=464264.8ms completion_lag=464799.1ms
[STREAM] frame=1223 t= 20.4s start_lag=464782.9ms completion_lag=465309.4ms
[STREAM] frame=1224 t= 20.4s start_lag=465293.9ms completion_lag=465815.8ms
[STREAM] frame=1225 t= 20.4s start_lag=465799.7ms completion_lag=466311.1ms
[STREAM] frame=1226 t= 20.4s start_lag=466294.8ms completion_lag=466813.3ms
[STREAM] frame=1227 t= 20.5s start_lag=466797.0ms completion_lag=467317.8ms
[STREAM] frame=1228 t= 20.5s start_lag=467301.5ms completion_lag=467819.2ms
[STREAM] frame=1229 t= 20.5s start_lag=467803.8ms completion_lag=468320.0ms
[STREAM] frame=1230 t= 20.5s start_lag=468303.7ms completion_lag=468842.8ms
FPS: 2.513555510243834
[STREAM] frame=1231 t= 20.5s start_lag=468826.5ms completion_lag=469343.4ms
[STREAM] frame=1232 t= 20.5s start_lag=469327.5ms completion_lag=469832.9ms
[STREAM] frame=1233 t= 20.6s start_lag=469817.2ms completion_lag=470354.4ms
[STREAM] frame=1234 t= 20.6s start_lag=470338.8ms completion_lag=470854.7ms
[STREAM] frame=1235 t= 20.6s start_lag=470838.4ms completion_lag=471386.7ms
[STREAM] frame=1236 t= 20.6s start_lag=471371.1ms completion_lag=471908.5ms
[STREAM] frame=1237 t= 20.6s start_lag=471892.9ms completion_lag=472420.1ms
[STREAM] frame=1238 t= 20.6s start_lag=472403.9ms completion_lag=472926.6ms
[STREAM] frame=1239 t= 20.7s start_lag=472910.4ms completion_lag=473447.8ms
[STREAM] frame=1240 t= 20.7s start_lag=473431.7ms completion_lag=473962.6ms
[STREAM] frame=1241 t= 20.7s start_lag=473946.2ms completion_lag=474476.9ms
[STREAM] frame=1242 t= 20.7s start_lag=474460.9ms completion_lag=475025.1ms
[STREAM] frame=1243 t= 20.7s start_lag=475008.9ms completion_lag=475566.1ms
[STREAM] frame=1244 t= 20.7s start_lag=475550.4ms completion_lag=476096.5ms
[STREAM] frame=1245 t= 20.8s start_lag=476080.8ms completion_lag=476615.9ms
[STREAM] frame=1246 t= 20.8s start_lag=476600.4ms completion_lag=477130.4ms
[STREAM] frame=1247 t= 20.8s start_lag=477115.0ms completion_lag=477656.9ms
[STREAM] frame=1248 t= 20.8s start_lag=477640.9ms completion_lag=478213.3ms
[STREAM] frame=1249 t= 20.8s start_lag=478197.0ms completion_lag=478787.3ms
[STREAM] frame=1250 t= 20.8s start_lag=478771.2ms completion_lag=479371.1ms
[STREAM] frame=1251 t= 20.9s start_lag=479355.4ms completion_lag=479959.1ms
[STREAM] frame=1252 t= 20.9s start_lag=479942.8ms completion_lag=480531.5ms
[STREAM] frame=1253 t= 20.9s start_lag=480515.3ms completion_lag=481098.9ms
[STREAM] frame=1254 t= 20.9s start_lag=481083.2ms completion_lag=481661.1ms
[STREAM] frame=1255 t= 20.9s start_lag=481644.8ms completion_lag=482208.2ms
[STREAM] frame=1256 t= 20.9s start_lag=482192.1ms completion_lag=482771.7ms
[STREAM] frame=1257 t= 21.0s start_lag=482756.0ms completion_lag=483336.2ms
[STREAM] frame=1258 t= 21.0s start_lag=483319.9ms completion_lag=483914.4ms
[STREAM] frame=1259 t= 21.0s start_lag=483898.2ms completion_lag=484502.2ms
[STREAM] frame=1260 t= 21.0s start_lag=484486.5ms completion_lag=485082.3ms
FPS: 2.4896921116367214
[STREAM] frame=1261 t= 21.0s start_lag=485066.8ms completion_lag=485635.9ms
[STREAM] frame=1262 t= 21.0s start_lag=485620.6ms completion_lag=486192.6ms
[STREAM] frame=1263 t= 21.1s start_lag=486176.9ms completion_lag=486768.6ms
[STREAM] frame=1264 t= 21.1s start_lag=486752.9ms completion_lag=487335.0ms
[STREAM] frame=1265 t= 21.1s start_lag=487318.7ms completion_lag=487921.5ms
[STREAM] frame=1266 t= 21.1s start_lag=487905.2ms completion_lag=488180.5ms
[STREAM] frame=1267 t= 21.1s start_lag=488164.8ms completion_lag=488438.5ms
[STREAM] frame=1268 t= 21.1s start_lag=488422.9ms completion_lag=488696.1ms
[STREAM] frame=1269 t= 21.2s start_lag=488680.4ms completion_lag=488943.6ms
[STREAM] frame=1270 t= 21.2s start_lag=488928.0ms completion_lag=489179.2ms
[STREAM] frame=1271 t= 21.2s start_lag=489164.6ms completion_lag=489429.8ms
[STREAM] frame=1272 t= 21.2s start_lag=489413.6ms completion_lag=489668.0ms
[STREAM] frame=1273 t= 21.2s start_lag=489652.1ms completion_lag=489916.3ms
[STREAM] frame=1274 t= 21.2s start_lag=489900.7ms completion_lag=490175.6ms
[STREAM] frame=1275 t= 21.3s start_lag=490159.5ms completion_lag=490421.7ms
[STREAM] frame=1276 t= 21.3s start_lag=490406.0ms completion_lag=490691.8ms
[STREAM] frame=1277 t= 21.3s start_lag=490676.1ms completion_lag=490936.7ms
[STREAM] frame=1278 t= 21.3s start_lag=490921.1ms completion_lag=491183.5ms
[STREAM] frame=1279 t= 21.3s start_lag=491167.2ms completion_lag=491425.9ms
[STREAM] frame=1280 t= 21.3s start_lag=491410.3ms completion_lag=491669.1ms
[STREAM] frame=1281 t= 21.4s start_lag=491653.5ms completion_lag=491933.1ms
[STREAM] frame=1282 t= 21.4s start_lag=491918.0ms completion_lag=492197.8ms
[STREAM] frame=1283 t= 21.4s start_lag=492181.5ms completion_lag=492484.1ms
[STREAM] frame=1284 t= 21.4s start_lag=492468.0ms completion_lag=492757.7ms
[STREAM] frame=1285 t= 21.4s start_lag=492742.0ms completion_lag=493028.6ms
[STREAM] frame=1286 t= 21.4s start_lag=493012.3ms completion_lag=493292.8ms
[STREAM] frame=1287 t= 21.5s start_lag=493276.6ms completion_lag=493555.2ms
[STREAM] frame=1288 t= 21.5s start_lag=493539.0ms completion_lag=493826.2ms
[STREAM] frame=1289 t= 21.5s start_lag=493810.5ms completion_lag=494099.2ms
[STREAM] frame=1290 t= 21.5s start_lag=494083.5ms completion_lag=494385.9ms
FPS: 2.50052934701413
[STREAM] frame=1291 t= 21.5s start_lag=494370.0ms completion_lag=494675.7ms
[STREAM] frame=1292 t= 21.5s start_lag=494659.3ms completion_lag=494960.6ms
[STREAM] frame=1293 t= 21.6s start_lag=494944.7ms completion_lag=495239.1ms
[STREAM] frame=1294 t= 21.6s start_lag=495222.8ms completion_lag=495506.7ms
[STREAM] frame=1295 t= 21.6s start_lag=495491.0ms completion_lag=495777.7ms
[STREAM] frame=1296 t= 21.6s start_lag=495761.4ms completion_lag=496045.4ms
[STREAM] frame=1297 t= 21.6s start_lag=496029.1ms completion_lag=496328.7ms
[STREAM] frame=1298 t= 21.6s start_lag=496312.4ms completion_lag=496637.2ms
[STREAM] frame=1299 t= 21.7s start_lag=496621.2ms completion_lag=496920.9ms
[STREAM] frame=1300 t= 21.7s start_lag=496904.8ms completion_lag=497211.9ms
[STREAM] frame=1301 t= 21.7s start_lag=497198.3ms completion_lag=497501.4ms
[STREAM] frame=1302 t= 21.7s start_lag=497485.1ms completion_lag=497801.3ms
Database retrieval 3 :  {0, 1}
[STREAM] frame=1303 t= 21.7s start_lag=497785.1ms completion_lag=498684.5ms
[STREAM] frame=1304 t= 21.7s start_lag=498668.4ms completion_lag=498997.9ms
[STREAM] frame=1305 t= 21.8s start_lag=498981.7ms completion_lag=499295.1ms
[STREAM] frame=1306 t= 21.8s start_lag=499279.2ms completion_lag=499578.5ms
[STREAM] frame=1307 t= 21.8s start_lag=499562.6ms completion_lag=499869.2ms
[STREAM] frame=1308 t= 21.8s start_lag=499853.6ms completion_lag=500154.3ms
[STREAM] frame=1309 t= 21.8s start_lag=500138.0ms completion_lag=500451.3ms
[STREAM] frame=1310 t= 21.8s start_lag=500435.0ms completion_lag=500738.8ms
[STREAM] frame=1311 t= 21.9s start_lag=500722.7ms completion_lag=501053.7ms
[STREAM] frame=1312 t= 21.9s start_lag=501037.6ms completion_lag=501361.5ms
[STREAM] frame=1313 t= 21.9s start_lag=501345.8ms completion_lag=501652.7ms
[STREAM] frame=1314 t= 21.9s start_lag=501636.4ms completion_lag=501953.0ms
[STREAM] frame=1315 t= 21.9s start_lag=501937.3ms completion_lag=502257.7ms
[STREAM] frame=1316 t= 21.9s start_lag=502241.8ms completion_lag=502559.5ms
[STREAM] frame=1317 t= 22.0s start_lag=502543.3ms completion_lag=502857.9ms
[STREAM] frame=1318 t= 22.0s start_lag=502842.5ms completion_lag=503191.0ms
[STREAM] frame=1319 t= 22.0s start_lag=503174.7ms completion_lag=503507.0ms
[STREAM] frame=1320 t= 22.0s start_lag=503490.7ms completion_lag=503832.6ms
FPS: 2.5102789412438717
[STREAM] frame=1321 t= 22.0s start_lag=503817.2ms completion_lag=504139.5ms
[STREAM] frame=1322 t= 22.0s start_lag=504123.8ms completion_lag=504447.4ms
[STREAM] frame=1323 t= 22.1s start_lag=504431.7ms completion_lag=504764.7ms
[STREAM] frame=1324 t= 22.1s start_lag=504749.0ms completion_lag=505082.4ms
[STREAM] frame=1325 t= 22.1s start_lag=505066.1ms completion_lag=505400.4ms
[STREAM] frame=1326 t= 22.1s start_lag=505384.7ms completion_lag=505709.8ms
[STREAM] frame=1327 t= 22.1s start_lag=505693.6ms completion_lag=506047.8ms
[STREAM] frame=1328 t= 22.1s start_lag=506031.8ms completion_lag=506360.2ms
[STREAM] frame=1329 t= 22.2s start_lag=506343.9ms completion_lag=506674.9ms
[STREAM] frame=1330 t= 22.2s start_lag=506659.4ms completion_lag=506987.5ms
[STREAM] frame=1331 t= 22.2s start_lag=506971.2ms completion_lag=507307.5ms
[STREAM] frame=1332 t= 22.2s start_lag=507291.8ms completion_lag=507617.2ms
[STREAM] frame=1333 t= 22.2s start_lag=507601.5ms completion_lag=507941.7ms
[STREAM] frame=1334 t= 22.2s start_lag=507925.5ms completion_lag=508287.0ms
[STREAM] frame=1335 t= 22.3s start_lag=508270.7ms completion_lag=508638.9ms
[STREAM] frame=1336 t= 22.3s start_lag=508623.1ms completion_lag=509002.1ms
[STREAM] frame=1337 t= 22.3s start_lag=508986.5ms completion_lag=509341.6ms
[STREAM] frame=1338 t= 22.3s start_lag=509325.8ms completion_lag=509678.6ms
[STREAM] frame=1339 t= 22.3s start_lag=509662.4ms completion_lag=510015.8ms
[STREAM] frame=1340 t= 22.3s start_lag=509999.7ms completion_lag=510354.3ms
[STREAM] frame=1341 t= 22.4s start_lag=510338.7ms completion_lag=510691.2ms
[STREAM] frame=1342 t= 22.4s start_lag=510675.5ms completion_lag=511053.0ms
[STREAM] frame=1343 t= 22.4s start_lag=511036.7ms completion_lag=511420.4ms
[STREAM] frame=1344 t= 22.4s start_lag=511404.7ms completion_lag=511774.4ms
[STREAM] frame=1345 t= 22.4s start_lag=511758.7ms completion_lag=512148.5ms
[STREAM] frame=1346 t= 22.4s start_lag=512132.8ms completion_lag=512496.8ms
[STREAM] frame=1347 t= 22.5s start_lag=512480.5ms completion_lag=512846.3ms
[STREAM] frame=1348 t= 22.5s start_lag=512830.1ms completion_lag=513218.3ms
[STREAM] frame=1349 t= 22.5s start_lag=513202.3ms completion_lag=513573.9ms
[STREAM] frame=1350 t= 22.5s start_lag=513558.2ms completion_lag=513955.4ms
FPS: 2.516491229200427
[STREAM] frame=1351 t= 22.5s start_lag=513939.1ms completion_lag=514312.9ms
[STREAM] frame=1352 t= 22.5s start_lag=514297.2ms completion_lag=514663.8ms
[STREAM] frame=1353 t= 22.6s start_lag=514647.6ms completion_lag=515021.4ms
[STREAM] frame=1354 t= 22.6s start_lag=515005.7ms completion_lag=515385.9ms
[STREAM] frame=1355 t= 22.6s start_lag=515369.6ms completion_lag=515755.0ms
[STREAM] frame=1356 t= 22.6s start_lag=515738.8ms completion_lag=516131.7ms
[STREAM] frame=1357 t= 22.6s start_lag=516116.0ms completion_lag=516503.8ms
[STREAM] frame=1358 t= 22.6s start_lag=516488.1ms completion_lag=516883.8ms
[STREAM] frame=1359 t= 22.7s start_lag=516867.5ms completion_lag=517258.0ms
[STREAM] frame=1360 t= 22.7s start_lag=517242.8ms completion_lag=517641.6ms
[STREAM] frame=1361 t= 22.7s start_lag=517625.3ms completion_lag=518017.5ms
[STREAM] frame=1362 t= 22.7s start_lag=518001.3ms completion_lag=518396.1ms
[STREAM] frame=1363 t= 22.7s start_lag=518379.9ms completion_lag=518773.4ms
[STREAM] frame=1364 t= 22.7s start_lag=518757.2ms completion_lag=519171.7ms
[STREAM] frame=1365 t= 22.8s start_lag=519155.4ms completion_lag=519575.3ms
[STREAM] frame=1366 t= 22.8s start_lag=519559.2ms completion_lag=519985.0ms
[STREAM] frame=1367 t= 22.8s start_lag=519969.5ms completion_lag=520364.0ms
[STREAM] frame=1368 t= 22.8s start_lag=520347.8ms completion_lag=520735.8ms
[STREAM] frame=1369 t= 22.8s start_lag=520720.1ms completion_lag=521126.6ms
[STREAM] frame=1370 t= 22.8s start_lag=521110.9ms completion_lag=521501.7ms
[STREAM] frame=1371 t= 22.9s start_lag=521486.0ms completion_lag=521864.7ms
[STREAM] frame=1372 t= 22.9s start_lag=521849.1ms completion_lag=522253.4ms
[STREAM] frame=1373 t= 22.9s start_lag=522237.2ms completion_lag=522652.5ms
[STREAM] frame=1374 t= 22.9s start_lag=522636.2ms completion_lag=523043.8ms
[STREAM] frame=1375 t= 22.9s start_lag=523027.5ms completion_lag=523417.7ms
[STREAM] frame=1376 t= 22.9s start_lag=523402.2ms completion_lag=523788.8ms
[STREAM] frame=1377 t= 23.0s start_lag=523773.1ms completion_lag=524181.8ms
[STREAM] frame=1378 t= 23.0s start_lag=524166.1ms completion_lag=524563.8ms
[STREAM] frame=1379 t= 23.0s start_lag=524548.2ms completion_lag=524952.6ms
[STREAM] frame=1380 t= 23.0s start_lag=524936.4ms completion_lag=525368.1ms
FPS: 2.516528451100722
[STREAM] frame=1381 t= 23.0s start_lag=525352.2ms completion_lag=525787.9ms
[STREAM] frame=1382 t= 23.0s start_lag=525772.2ms completion_lag=526201.0ms
[STREAM] frame=1383 t= 23.1s start_lag=526185.2ms completion_lag=526604.2ms
[STREAM] frame=1384 t= 23.1s start_lag=526587.9ms completion_lag=527010.1ms
[STREAM] frame=1385 t= 23.1s start_lag=526994.4ms completion_lag=527408.5ms
[STREAM] frame=1386 t= 23.1s start_lag=527392.8ms completion_lag=527799.3ms
[STREAM] frame=1387 t= 23.1s start_lag=527783.6ms completion_lag=528200.3ms
[STREAM] frame=1388 t= 23.1s start_lag=528184.0ms completion_lag=528589.5ms
[STREAM] frame=1389 t= 23.2s start_lag=528573.1ms completion_lag=529002.2ms
[STREAM] frame=1390 t= 23.2s start_lag=528986.5ms completion_lag=529421.0ms
[STREAM] frame=1391 t= 23.2s start_lag=529404.8ms completion_lag=529826.2ms
[STREAM] frame=1392 t= 23.2s start_lag=529810.3ms completion_lag=530245.2ms
[STREAM] frame=1393 t= 23.2s start_lag=530229.2ms completion_lag=530643.5ms
[STREAM] frame=1394 t= 23.2s start_lag=530627.9ms completion_lag=531044.5ms
[STREAM] frame=1395 t= 23.3s start_lag=531028.8ms completion_lag=531467.3ms
[STREAM] frame=1396 t= 23.3s start_lag=531451.0ms completion_lag=531894.8ms
[STREAM] frame=1397 t= 23.3s start_lag=531878.8ms completion_lag=532337.3ms
[STREAM] frame=1398 t= 23.3s start_lag=532321.0ms completion_lag=532783.7ms
[STREAM] frame=1399 t= 23.3s start_lag=532768.1ms completion_lag=533200.7ms
[STREAM] frame=1400 t= 23.3s start_lag=533184.7ms completion_lag=533629.9ms
[STREAM] frame=1401 t= 23.4s start_lag=533614.0ms completion_lag=534043.6ms
[STREAM] frame=1402 t= 23.4s start_lag=534027.8ms completion_lag=534461.7ms
[STREAM] frame=1403 t= 23.4s start_lag=534446.1ms completion_lag=534879.9ms
[STREAM] frame=1404 t= 23.4s start_lag=534864.2ms completion_lag=535313.3ms
[STREAM] frame=1405 t= 23.4s start_lag=535297.2ms completion_lag=535758.1ms
[STREAM] frame=1406 t= 23.4s start_lag=535742.6ms completion_lag=536203.3ms
[STREAM] frame=1407 t= 23.5s start_lag=536187.6ms completion_lag=536615.6ms
[STREAM] frame=1408 t= 23.5s start_lag=536599.3ms completion_lag=537048.2ms
[STREAM] frame=1409 t= 23.5s start_lag=537031.9ms completion_lag=537479.3ms
[STREAM] frame=1410 t= 23.5s start_lag=537463.0ms completion_lag=537918.9ms
FPS: 2.511462807646886
[STREAM] frame=1411 t= 23.5s start_lag=537903.3ms completion_lag=538358.0ms
[STREAM] frame=1412 t= 23.5s start_lag=538342.4ms completion_lag=538831.3ms
[STREAM] frame=1413 t= 23.6s start_lag=538815.7ms completion_lag=539269.7ms
[STREAM] frame=1414 t= 23.6s start_lag=539253.5ms completion_lag=539746.2ms
[STREAM] frame=1415 t= 23.6s start_lag=539729.9ms completion_lag=540200.1ms
[STREAM] frame=1416 t= 23.6s start_lag=540184.5ms completion_lag=540650.9ms
[STREAM] frame=1417 t= 23.6s start_lag=540634.6ms completion_lag=541108.1ms
[STREAM] frame=1418 t= 23.6s start_lag=541092.5ms completion_lag=541570.2ms
[STREAM] frame=1419 t= 23.7s start_lag=541554.0ms completion_lag=542023.5ms
[STREAM] frame=1420 t= 23.7s start_lag=542007.2ms completion_lag=542503.9ms
[STREAM] frame=1421 t= 23.7s start_lag=542487.6ms completion_lag=542976.9ms
[STREAM] frame=1422 t= 23.7s start_lag=542960.6ms completion_lag=543447.4ms
[STREAM] frame=1423 t= 23.7s start_lag=543431.1ms completion_lag=543897.1ms
[STREAM] frame=1424 t= 23.7s start_lag=543880.8ms completion_lag=544345.5ms
[STREAM] frame=1425 t= 23.8s start_lag=544329.9ms completion_lag=544801.1ms
[STREAM] frame=1426 t= 23.8s start_lag=544787.1ms completion_lag=545256.5ms
[STREAM] frame=1427 t= 23.8s start_lag=545240.4ms completion_lag=545723.0ms
[STREAM] frame=1428 t= 23.8s start_lag=545706.7ms completion_lag=546199.9ms
[STREAM] frame=1429 t= 23.8s start_lag=546183.6ms completion_lag=546690.3ms
[STREAM] frame=1430 t= 23.8s start_lag=546674.0ms completion_lag=547178.0ms
[STREAM] frame=1431 t= 23.9s start_lag=547162.3ms completion_lag=547645.1ms
[STREAM] frame=1432 t= 23.9s start_lag=547629.2ms completion_lag=548104.0ms
[STREAM] frame=1433 t= 23.9s start_lag=548090.3ms completion_lag=548573.6ms
[STREAM] frame=1434 t= 23.9s start_lag=548558.1ms completion_lag=549031.2ms
[STREAM] frame=1435 t= 23.9s start_lag=549015.9ms completion_lag=549498.4ms
[STREAM] frame=1436 t= 23.9s start_lag=549482.7ms completion_lag=549973.6ms
[STREAM] frame=1437 t= 24.0s start_lag=549957.4ms completion_lag=550458.6ms
[STREAM] frame=1438 t= 24.0s start_lag=550442.5ms completion_lag=550952.1ms
[STREAM] frame=1439 t= 24.0s start_lag=550936.4ms completion_lag=551426.0ms
[STREAM] frame=1440 t= 24.0s start_lag=551409.8ms completion_lag=551906.0ms
FPS: 2.500376206409043
[STREAM] frame=1441 t= 24.0s start_lag=551890.3ms completion_lag=552374.2ms
[STREAM] frame=1442 t= 24.0s start_lag=552357.9ms completion_lag=552843.4ms
[STREAM] frame=1443 t= 24.1s start_lag=552827.8ms completion_lag=553321.6ms
[STREAM] frame=1444 t= 24.1s start_lag=553305.9ms completion_lag=553826.7ms
[STREAM] frame=1445 t= 24.1s start_lag=553810.6ms completion_lag=554323.1ms
[STREAM] frame=1446 t= 24.1s start_lag=554309.2ms completion_lag=554808.6ms
[STREAM] frame=1447 t= 24.1s start_lag=554792.6ms completion_lag=555282.6ms
[STREAM] frame=1448 t= 24.1s start_lag=555267.0ms completion_lag=555753.9ms
[STREAM] frame=1449 t= 24.2s start_lag=555737.6ms completion_lag=556248.6ms
[STREAM] frame=1450 t= 24.2s start_lag=556232.6ms completion_lag=556727.3ms
[STREAM] frame=1451 t= 24.2s start_lag=556711.6ms completion_lag=557210.4ms
[STREAM] frame=1452 t= 24.2s start_lag=557194.8ms completion_lag=557708.9ms
[STREAM] frame=1453 t= 24.2s start_lag=557693.3ms completion_lag=558200.6ms
[STREAM] frame=1454 t= 24.2s start_lag=558184.4ms completion_lag=558720.4ms
[STREAM] frame=1455 t= 24.3s start_lag=558704.1ms completion_lag=559215.7ms
[STREAM] frame=1456 t= 24.3s start_lag=559200.1ms completion_lag=559710.1ms
[STREAM] frame=1457 t= 24.3s start_lag=559693.8ms completion_lag=560197.8ms
[STREAM] frame=1458 t= 24.3s start_lag=560181.5ms completion_lag=560693.7ms
[STREAM] frame=1459 t= 24.3s start_lag=560677.3ms completion_lag=561188.4ms
[STREAM] frame=1460 t= 24.3s start_lag=561172.1ms completion_lag=561715.7ms
[STREAM] frame=1461 t= 24.4s start_lag=561699.4ms completion_lag=562230.1ms
[STREAM] frame=1462 t= 24.4s start_lag=562213.8ms completion_lag=562731.4ms
[STREAM] frame=1463 t= 24.4s start_lag=562715.6ms completion_lag=563235.5ms
[STREAM] frame=1464 t= 24.4s start_lag=563219.8ms completion_lag=563761.7ms
[STREAM] frame=1465 t= 24.4s start_lag=563746.0ms completion_lag=564284.3ms
[STREAM] frame=1466 t= 24.4s start_lag=564268.2ms completion_lag=564812.2ms
[STREAM] frame=1467 t= 24.5s start_lag=564796.0ms completion_lag=565313.9ms
[STREAM] frame=1468 t= 24.5s start_lag=565297.6ms completion_lag=565820.7ms
[STREAM] frame=1469 t= 24.5s start_lag=565804.4ms completion_lag=566324.3ms
[STREAM] frame=1470 t= 24.5s start_lag=566308.1ms completion_lag=566844.6ms
FPS: 2.4858270045804756
[STREAM] frame=1471 t= 24.5s start_lag=566829.0ms completion_lag=567357.9ms
[STREAM] frame=1472 t= 24.5s start_lag=567342.2ms completion_lag=567872.0ms
[STREAM] frame=1473 t= 24.6s start_lag=567856.4ms completion_lag=568404.0ms
[STREAM] frame=1474 t= 24.6s start_lag=568388.4ms completion_lag=568914.2ms
[STREAM] frame=1475 t= 24.6s start_lag=568897.9ms completion_lag=569429.5ms
[STREAM] frame=1476 t= 24.6s start_lag=569413.8ms completion_lag=569940.8ms
[STREAM] frame=1477 t= 24.6s start_lag=569924.5ms completion_lag=570462.4ms
[STREAM] frame=1478 t= 24.6s start_lag=570446.7ms completion_lag=570986.2ms
[STREAM] frame=1479 t= 24.7s start_lag=570969.9ms completion_lag=571512.7ms
[STREAM] frame=1480 t= 24.7s start_lag=571496.4ms completion_lag=572060.0ms
[STREAM] frame=1481 t= 24.7s start_lag=572043.7ms completion_lag=572598.4ms
[STREAM] frame=1482 t= 24.7s start_lag=572582.2ms completion_lag=573127.0ms
[STREAM] frame=1483 t= 24.7s start_lag=573111.4ms completion_lag=573688.9ms
[STREAM] frame=1484 t= 24.7s start_lag=573672.6ms completion_lag=574243.9ms
[STREAM] frame=1485 t= 24.8s start_lag=574227.6ms completion_lag=574796.6ms
[STREAM] frame=1486 t= 24.8s start_lag=574781.0ms completion_lag=575352.6ms
[STREAM] frame=1487 t= 24.8s start_lag=575337.0ms completion_lag=575897.4ms
[STREAM] frame=1488 t= 24.8s start_lag=575881.5ms completion_lag=576422.1ms
[STREAM] frame=1489 t= 24.8s start_lag=576405.8ms completion_lag=576959.7ms
[STREAM] frame=1490 t= 24.8s start_lag=576943.4ms completion_lag=577496.7ms
[STREAM] frame=1491 t= 24.9s start_lag=577480.4ms completion_lag=578028.0ms
[STREAM] frame=1492 t= 24.9s start_lag=578012.4ms completion_lag=578587.8ms
[STREAM] frame=1493 t= 24.9s start_lag=578571.6ms completion_lag=579108.8ms
[STREAM] frame=1494 t= 24.9s start_lag=579092.8ms completion_lag=579664.2ms
[STREAM] frame=1495 t= 24.9s start_lag=579647.9ms completion_lag=580207.2ms
[STREAM] frame=1496 t= 24.9s start_lag=580191.7ms completion_lag=580734.9ms
[STREAM] frame=1497 t= 25.0s start_lag=580719.4ms completion_lag=581277.9ms
[STREAM] frame=1498 t= 25.0s start_lag=581261.7ms completion_lag=581847.6ms
[STREAM] frame=1499 t= 25.0s start_lag=581831.7ms completion_lag=582426.8ms
[STREAM] frame=1500 t= 25.0s start_lag=582411.2ms completion_lag=583030.0ms
FPS: 2.466949686310244
[STREAM] frame=1501 t= 25.0s start_lag=583013.7ms completion_lag=583612.0ms
[STREAM] frame=1502 t= 25.0s start_lag=583595.7ms completion_lag=584221.5ms
[STREAM] frame=1503 t= 25.1s start_lag=584205.5ms completion_lag=584795.4ms
[STREAM] frame=1504 t= 25.1s start_lag=584779.7ms completion_lag=585367.5ms
[STREAM] frame=1505 t= 25.1s start_lag=585352.0ms completion_lag=585945.8ms
[STREAM] frame=1506 t= 25.1s start_lag=585930.2ms completion_lag=586525.9ms
[STREAM] frame=1507 t= 25.1s start_lag=586510.2ms completion_lag=587096.1ms
[STREAM] frame=1508 t= 25.1s start_lag=587080.4ms completion_lag=587686.2ms
[STREAM] frame=1509 t= 25.2s start_lag=587670.9ms completion_lag=588272.3ms
[STREAM] frame=1510 t= 25.2s start_lag=588256.4ms completion_lag=588863.5ms
[STREAM] frame=1511 t= 25.2s start_lag=588847.3ms completion_lag=589442.1ms
[STREAM] frame=1512 t= 25.2s start_lag=589425.8ms completion_lag=590028.0ms
[STREAM] frame=1513 t= 25.2s start_lag=590011.7ms completion_lag=590609.5ms
[STREAM] frame=1514 t= 25.2s start_lag=590593.9ms completion_lag=591194.2ms
[STREAM] frame=1515 t= 25.3s start_lag=591178.5ms completion_lag=591779.4ms
[STREAM] frame=1516 t= 25.3s start_lag=591763.2ms completion_lag=592038.2ms
[STREAM] frame=1517 t= 25.3s start_lag=592022.5ms completion_lag=592293.3ms
[STREAM] frame=1518 t= 25.3s start_lag=592277.0ms completion_lag=592560.2ms
[STREAM] frame=1519 t= 25.3s start_lag=592544.7ms completion_lag=592806.3ms
[STREAM] frame=1520 t= 25.3s start_lag=592790.6ms completion_lag=593039.5ms
[STREAM] frame=1521 t= 25.4s start_lag=593023.2ms completion_lag=593278.8ms
[STREAM] frame=1522 t= 25.4s start_lag=593263.1ms completion_lag=593525.6ms
[STREAM] frame=1523 t= 25.4s start_lag=593509.3ms completion_lag=593763.8ms
[STREAM] frame=1524 t= 25.4s start_lag=593748.2ms completion_lag=594009.7ms
[STREAM] frame=1525 t= 25.4s start_lag=593993.4ms completion_lag=594260.0ms
[STREAM] frame=1526 t= 25.4s start_lag=594243.6ms completion_lag=594515.7ms
[STREAM] frame=1527 t= 25.5s start_lag=594500.0ms completion_lag=594758.8ms
[STREAM] frame=1528 t= 25.5s start_lag=594743.1ms completion_lag=595000.9ms
[STREAM] frame=1529 t= 25.5s start_lag=594984.6ms completion_lag=595248.0ms
[STREAM] frame=1530 t= 25.5s start_lag=595232.3ms completion_lag=595486.2ms
FPS: 2.4637879035243104
[STREAM] frame=1531 t= 25.5s start_lag=595469.9ms completion_lag=595741.4ms
[STREAM] frame=1532 t= 25.5s start_lag=595725.1ms completion_lag=596022.2ms
[STREAM] frame=1533 t= 25.6s start_lag=596006.4ms completion_lag=596307.1ms
[STREAM] frame=1534 t= 25.6s start_lag=596290.9ms completion_lag=596566.9ms
[STREAM] frame=1535 t= 25.6s start_lag=596550.9ms completion_lag=596827.5ms
[STREAM] frame=1536 t= 25.6s start_lag=596811.3ms completion_lag=597093.6ms
[STREAM] frame=1537 t= 25.6s start_lag=597077.3ms completion_lag=597343.6ms
[STREAM] frame=1538 t= 25.6s start_lag=597327.3ms completion_lag=597596.3ms
[STREAM] frame=1539 t= 25.7s start_lag=597580.6ms completion_lag=597862.1ms
[STREAM] frame=1540 t= 25.7s start_lag=597845.8ms completion_lag=598129.9ms
[STREAM] frame=1541 t= 25.7s start_lag=598114.2ms completion_lag=598380.6ms
[STREAM] frame=1542 t= 25.7s start_lag=598364.9ms completion_lag=598657.7ms
[STREAM] frame=1543 t= 25.7s start_lag=598642.1ms completion_lag=598920.7ms
[STREAM] frame=1544 t= 25.7s start_lag=598904.7ms completion_lag=599181.2ms
[STREAM] frame=1545 t= 25.8s start_lag=599165.6ms completion_lag=599446.7ms
[STREAM] frame=1546 t= 25.8s start_lag=599430.4ms completion_lag=599714.0ms
[STREAM] frame=1547 t= 25.8s start_lag=599698.4ms completion_lag=599994.1ms
[STREAM] frame=1548 t= 25.8s start_lag=599978.5ms completion_lag=600289.1ms
[STREAM] frame=1549 t= 25.8s start_lag=600273.5ms completion_lag=600594.1ms
[STREAM] frame=1550 t= 25.8s start_lag=600577.8ms completion_lag=600874.1ms
[STREAM] frame=1551 t= 25.9s start_lag=600857.9ms completion_lag=601153.9ms
[STREAM] frame=1552 t= 25.9s start_lag=601137.6ms completion_lag=601457.0ms
[STREAM] frame=1553 t= 25.9s start_lag=601441.4ms completion_lag=601735.1ms
[STREAM] frame=1554 t= 25.9s start_lag=601718.8ms completion_lag=602037.9ms
[STREAM] frame=1555 t= 25.9s start_lag=602022.2ms completion_lag=602331.8ms
[STREAM] frame=1556 t= 25.9s start_lag=602315.5ms completion_lag=602629.4ms
[STREAM] frame=1557 t= 26.0s start_lag=602613.9ms completion_lag=602924.2ms
[STREAM] frame=1558 t= 26.0s start_lag=602907.9ms completion_lag=603209.7ms
[STREAM] frame=1559 t= 26.0s start_lag=603193.4ms completion_lag=603516.4ms
[STREAM] frame=1560 t= 26.0s start_lag=603500.7ms completion_lag=603822.5ms
FPS: 2.476851680412071
[STREAM] frame=1561 t= 26.0s start_lag=603806.2ms completion_lag=604128.5ms
[STREAM] frame=1562 t= 26.0s start_lag=604112.8ms completion_lag=604439.7ms
[STREAM] frame=1563 t= 26.1s start_lag=604424.0ms completion_lag=604742.3ms
[STREAM] frame=1564 t= 26.1s start_lag=604726.1ms completion_lag=605038.8ms
[STREAM] frame=1565 t= 26.1s start_lag=605022.6ms completion_lag=605341.2ms
[STREAM] frame=1566 t= 26.1s start_lag=605325.6ms completion_lag=605638.9ms
[STREAM] frame=1567 t= 26.1s start_lag=605622.7ms completion_lag=605949.9ms
[STREAM] frame=1568 t= 26.1s start_lag=605933.7ms completion_lag=606282.5ms
[STREAM] frame=1569 t= 26.2s start_lag=606266.8ms completion_lag=606618.9ms
[STREAM] frame=1570 t= 26.2s start_lag=606603.2ms completion_lag=606946.5ms
[STREAM] frame=1571 t= 26.2s start_lag=606930.8ms completion_lag=607260.9ms
[STREAM] frame=1572 t= 26.2s start_lag=607245.0ms completion_lag=607561.4ms
[STREAM] frame=1573 t= 26.2s start_lag=607545.7ms completion_lag=607865.2ms
[STREAM] frame=1574 t= 26.2s start_lag=607848.9ms completion_lag=608170.4ms
[STREAM] frame=1575 t= 26.3s start_lag=608154.4ms completion_lag=608476.4ms
[STREAM] frame=1576 t= 26.3s start_lag=608460.8ms completion_lag=608804.4ms
[STREAM] frame=1577 t= 26.3s start_lag=608788.8ms completion_lag=609110.7ms
[STREAM] frame=1578 t= 26.3s start_lag=609095.1ms completion_lag=609436.4ms
[STREAM] frame=1579 t= 26.3s start_lag=609420.6ms completion_lag=609743.6ms
[STREAM] frame=1580 t= 26.3s start_lag=609727.4ms completion_lag=610050.0ms
[STREAM] frame=1581 t= 26.4s start_lag=610033.7ms completion_lag=610362.1ms
[STREAM] frame=1582 t= 26.4s start_lag=610345.8ms completion_lag=610675.5ms
[STREAM] frame=1583 t= 26.4s start_lag=610659.3ms completion_lag=610999.5ms
[STREAM] frame=1584 t= 26.4s start_lag=610983.8ms completion_lag=611349.4ms
[STREAM] frame=1585 t= 26.4s start_lag=611333.0ms completion_lag=611698.9ms
[STREAM] frame=1586 t= 26.4s start_lag=611683.3ms completion_lag=612046.9ms
[STREAM] frame=1587 t= 26.5s start_lag=612031.2ms completion_lag=612379.5ms
[STREAM] frame=1588 t= 26.5s start_lag=612363.2ms completion_lag=612708.7ms
[STREAM] frame=1589 t= 26.5s start_lag=612693.0ms completion_lag=613044.7ms
[STREAM] frame=1590 t= 26.5s start_lag=613029.1ms completion_lag=613371.6ms
FPS: 2.484835403991697
[STREAM] frame=1591 t= 26.5s start_lag=613355.3ms completion_lag=613707.1ms
[STREAM] frame=1592 t= 26.5s start_lag=613690.8ms completion_lag=614059.0ms
[STREAM] frame=1593 t= 26.6s start_lag=614043.1ms completion_lag=614390.5ms
[STREAM] frame=1594 t= 26.6s start_lag=614374.9ms completion_lag=614722.8ms
[STREAM] frame=1595 t= 26.6s start_lag=614706.5ms completion_lag=615065.1ms
[STREAM] frame=1596 t= 26.6s start_lag=615049.4ms completion_lag=615426.0ms
[STREAM] frame=1597 t= 26.6s start_lag=615409.7ms completion_lag=615770.5ms
[STREAM] frame=1598 t= 26.6s start_lag=615754.9ms completion_lag=616128.4ms
[STREAM] frame=1599 t= 26.7s start_lag=616112.0ms completion_lag=616478.5ms
[STREAM] frame=1600 t= 26.7s start_lag=616462.8ms completion_lag=616826.8ms
[STREAM] frame=1601 t= 26.7s start_lag=616810.5ms completion_lag=617203.6ms
[STREAM] frame=1602 t= 26.7s start_lag=617187.6ms completion_lag=617553.3ms
[STREAM] frame=1603 t= 26.7s start_lag=617537.0ms completion_lag=617894.3ms
[STREAM] frame=1604 t= 26.7s start_lag=617878.1ms completion_lag=618246.4ms
[STREAM] frame=1605 t= 26.8s start_lag=618230.1ms completion_lag=618602.8ms
[STREAM] frame=1606 t= 26.8s start_lag=618587.3ms completion_lag=618975.9ms
[STREAM] frame=1607 t= 26.8s start_lag=618960.0ms completion_lag=619345.2ms
[STREAM] frame=1608 t= 26.8s start_lag=619328.9ms completion_lag=619742.9ms
[STREAM] frame=1609 t= 26.8s start_lag=619727.3ms completion_lag=620110.4ms
[STREAM] frame=1610 t= 26.8s start_lag=620094.2ms completion_lag=620468.9ms
[STREAM] frame=1611 t= 26.9s start_lag=620452.7ms completion_lag=620829.1ms
[STREAM] frame=1612 t= 26.9s start_lag=620812.8ms completion_lag=621196.0ms
[STREAM] frame=1613 t= 26.9s start_lag=621179.8ms completion_lag=621565.1ms
[STREAM] frame=1614 t= 26.9s start_lag=621549.5ms completion_lag=621948.9ms
[STREAM] frame=1615 t= 26.9s start_lag=621932.6ms completion_lag=622328.6ms
[STREAM] frame=1616 t= 26.9s start_lag=622313.1ms completion_lag=622723.1ms
[STREAM] frame=1617 t= 27.0s start_lag=622707.4ms completion_lag=623090.1ms
[STREAM] frame=1618 t= 27.0s start_lag=623074.4ms completion_lag=623458.4ms
[STREAM] frame=1619 t= 27.0s start_lag=623442.7ms completion_lag=623824.4ms
[STREAM] frame=1620 t= 27.0s start_lag=623808.1ms completion_lag=624190.8ms
FPS: 2.4877106038267995
[STREAM] frame=1621 t= 27.0s start_lag=624174.6ms completion_lag=624556.4ms
[STREAM] frame=1622 t= 27.0s start_lag=624540.1ms completion_lag=624924.4ms
[STREAM] frame=1623 t= 27.1s start_lag=624908.9ms completion_lag=625314.9ms
[STREAM] frame=1624 t= 27.1s start_lag=625298.6ms completion_lag=625706.4ms
[STREAM] frame=1625 t= 27.1s start_lag=625690.1ms completion_lag=626077.8ms
[STREAM] frame=1626 t= 27.1s start_lag=626062.3ms completion_lag=626446.5ms
[STREAM] frame=1627 t= 27.1s start_lag=626430.8ms completion_lag=626812.7ms
[STREAM] frame=1628 t= 27.1s start_lag=626796.5ms completion_lag=627186.3ms
[STREAM] frame=1629 t= 27.2s start_lag=627170.0ms completion_lag=627580.1ms
[STREAM] frame=1630 t= 27.2s start_lag=627564.4ms completion_lag=627982.5ms
[STREAM] frame=1631 t= 27.2s start_lag=627967.0ms completion_lag=628397.2ms
[STREAM] frame=1632 t= 27.2s start_lag=628381.2ms completion_lag=628800.4ms
[STREAM] frame=1633 t= 27.2s start_lag=628784.8ms completion_lag=629192.2ms
[STREAM] frame=1634 t= 27.2s start_lag=629176.6ms completion_lag=629587.7ms
[STREAM] frame=1635 t= 27.3s start_lag=629571.8ms completion_lag=629959.6ms
[STREAM] frame=1636 t= 27.3s start_lag=629943.4ms completion_lag=630343.9ms
[STREAM] frame=1637 t= 27.3s start_lag=630327.6ms completion_lag=630734.0ms
[STREAM] frame=1638 t= 27.3s start_lag=630717.8ms completion_lag=631143.6ms
[STREAM] frame=1639 t= 27.3s start_lag=631127.4ms completion_lag=631560.6ms
[STREAM] frame=1640 t= 27.3s start_lag=631544.4ms completion_lag=631969.9ms
[STREAM] frame=1641 t= 27.4s start_lag=631954.2ms completion_lag=632363.9ms
[STREAM] frame=1642 t= 27.4s start_lag=632348.2ms completion_lag=632751.9ms
[STREAM] frame=1643 t= 27.4s start_lag=632735.6ms completion_lag=633159.5ms
[STREAM] frame=1644 t= 27.4s start_lag=633143.2ms completion_lag=633555.7ms
[STREAM] frame=1645 t= 27.4s start_lag=633540.0ms completion_lag=633973.1ms
[STREAM] frame=1646 t= 27.4s start_lag=633957.4ms completion_lag=634405.9ms
[STREAM] frame=1647 t= 27.5s start_lag=634390.2ms completion_lag=634822.7ms
[STREAM] frame=1648 t= 27.5s start_lag=634807.2ms completion_lag=635248.8ms
[STREAM] frame=1649 t= 27.5s start_lag=635233.1ms completion_lag=635668.4ms
[STREAM] frame=1650 t= 27.5s start_lag=635652.8ms completion_lag=636080.1ms
FPS: 2.4864713673668977
[STREAM] frame=1651 t= 27.5s start_lag=636064.3ms completion_lag=636490.6ms
[STREAM] frame=1652 t= 27.5s start_lag=636475.1ms completion_lag=636910.2ms
[STREAM] frame=1653 t= 27.6s start_lag=636894.2ms completion_lag=637320.2ms
[STREAM] frame=1654 t= 27.6s start_lag=637303.8ms completion_lag=637758.9ms
[STREAM] frame=1655 t= 27.6s start_lag=637742.6ms completion_lag=638183.9ms
[STREAM] frame=1656 t= 27.6s start_lag=638167.7ms completion_lag=638622.5ms
[STREAM] frame=1657 t= 27.6s start_lag=638606.9ms completion_lag=639041.7ms
[STREAM] frame=1658 t= 27.6s start_lag=639026.0ms completion_lag=639470.3ms
[STREAM] frame=1659 t= 27.7s start_lag=639454.1ms completion_lag=639888.2ms
[STREAM] frame=1660 t= 27.7s start_lag=639872.1ms completion_lag=640308.1ms
[STREAM] frame=1661 t= 27.7s start_lag=640292.4ms completion_lag=640739.4ms
[STREAM] frame=1662 t= 27.7s start_lag=640723.7ms completion_lag=641179.2ms
[STREAM] frame=1663 t= 27.7s start_lag=641163.6ms completion_lag=641636.9ms
[STREAM] frame=1664 t= 27.7s start_lag=641621.6ms completion_lag=642087.2ms
[STREAM] frame=1665 t= 27.8s start_lag=642070.9ms completion_lag=642525.4ms
[STREAM] frame=1666 t= 27.8s start_lag=642509.4ms completion_lag=642965.4ms
[STREAM] frame=1667 t= 27.8s start_lag=642949.0ms completion_lag=643398.0ms
[STREAM] frame=1668 t= 27.8s start_lag=643381.7ms completion_lag=643834.2ms
[STREAM] frame=1669 t= 27.8s start_lag=643818.6ms completion_lag=644265.6ms
[STREAM] frame=1670 t= 27.8s start_lag=644249.3ms completion_lag=644726.1ms
[STREAM] frame=1671 t= 27.9s start_lag=644709.8ms completion_lag=645188.1ms
[STREAM] frame=1672 t= 27.9s start_lag=645171.8ms completion_lag=645653.2ms
[STREAM] frame=1673 t= 27.9s start_lag=645637.7ms completion_lag=646087.8ms
[STREAM] frame=1674 t= 27.9s start_lag=646072.1ms completion_lag=646527.4ms
[STREAM] frame=1675 t= 27.9s start_lag=646511.1ms completion_lag=646949.3ms
[STREAM] frame=1676 t= 27.9s start_lag=646933.1ms completion_lag=647379.2ms
[STREAM] frame=1677 t= 28.0s start_lag=647362.9ms completion_lag=647817.1ms
[STREAM] frame=1678 t= 28.0s start_lag=647801.0ms completion_lag=648270.6ms
[STREAM] frame=1679 t= 28.0s start_lag=648254.3ms completion_lag=648725.3ms
[STREAM] frame=1680 t= 28.0s start_lag=648709.0ms completion_lag=649203.2ms
FPS: 2.480750139323751
[STREAM] frame=1681 t= 28.0s start_lag=649187.5ms completion_lag=649650.4ms
[STREAM] frame=1682 t= 28.0s start_lag=649634.3ms completion_lag=650108.8ms
[STREAM] frame=1683 t= 28.1s start_lag=650092.5ms completion_lag=650556.8ms
[STREAM] frame=1684 t= 28.1s start_lag=650541.1ms completion_lag=651013.4ms
[STREAM] frame=1685 t= 28.1s start_lag=650997.0ms completion_lag=651460.8ms
[STREAM] frame=1686 t= 28.1s start_lag=651444.5ms completion_lag=651935.0ms
[STREAM] frame=1687 t= 28.1s start_lag=651918.7ms completion_lag=652419.5ms
[STREAM] frame=1688 t= 28.1s start_lag=652403.9ms completion_lag=652893.3ms
[STREAM] frame=1689 t= 28.2s start_lag=652877.0ms completion_lag=653347.6ms
[STREAM] frame=1690 t= 28.2s start_lag=653331.3ms completion_lag=653810.6ms
[STREAM] frame=1691 t= 28.2s start_lag=653794.9ms completion_lag=654275.2ms
[STREAM] frame=1692 t= 28.2s start_lag=654258.9ms completion_lag=654735.5ms
[STREAM] frame=1693 t= 28.2s start_lag=654719.3ms completion_lag=655178.2ms
[STREAM] frame=1694 t= 28.2s start_lag=655161.9ms completion_lag=655649.4ms
[STREAM] frame=1695 t= 28.3s start_lag=655633.2ms completion_lag=656117.0ms
[STREAM] frame=1696 t= 28.3s start_lag=656101.3ms completion_lag=656616.5ms
[STREAM] frame=1697 t= 28.3s start_lag=656600.7ms completion_lag=657097.0ms
[STREAM] frame=1698 t= 28.3s start_lag=657081.4ms completion_lag=657563.1ms
[STREAM] frame=1699 t= 28.3s start_lag=657547.7ms completion_lag=658032.1ms
[STREAM] frame=1700 t= 28.3s start_lag=658015.8ms completion_lag=658515.9ms
[STREAM] frame=1701 t= 28.4s start_lag=658500.0ms completion_lag=659006.5ms
Database retrieval 4 :  {1, 2}
[STREAM] frame=1702 t= 28.4s start_lag=658990.9ms completion_lag=660082.1ms
[STREAM] frame=1703 t= 28.4s start_lag=660066.1ms completion_lag=660593.5ms
[STREAM] frame=1704 t= 28.4s start_lag=660577.8ms completion_lag=661082.7ms
[STREAM] frame=1705 t= 28.4s start_lag=661067.3ms completion_lag=661557.7ms
[STREAM] frame=1706 t= 28.4s start_lag=661541.5ms completion_lag=662043.9ms
[STREAM] frame=1707 t= 28.5s start_lag=662027.7ms completion_lag=662535.7ms
[STREAM] frame=1708 t= 28.5s start_lag=662519.4ms completion_lag=663036.9ms
[STREAM] frame=1709 t= 28.5s start_lag=663020.5ms completion_lag=663544.5ms
[STREAM] frame=1710 t= 28.5s start_lag=663528.2ms completion_lag=664042.4ms
FPS: 2.4691207512605944
[STREAM] frame=1711 t= 28.5s start_lag=664026.1ms completion_lag=664568.2ms
[STREAM] frame=1712 t= 28.5s start_lag=664552.5ms completion_lag=665093.1ms
[STREAM] frame=1713 t= 28.6s start_lag=665077.1ms completion_lag=665597.3ms
[STREAM] frame=1714 t= 28.6s start_lag=665581.1ms completion_lag=666096.2ms
[STREAM] frame=1715 t= 28.6s start_lag=666079.9ms completion_lag=666596.4ms
[STREAM] frame=1716 t= 28.6s start_lag=666580.7ms completion_lag=667097.4ms
[STREAM] frame=1717 t= 28.6s start_lag=667082.0ms completion_lag=667619.4ms
[STREAM] frame=1718 t= 28.6s start_lag=667603.8ms completion_lag=668153.6ms
[STREAM] frame=1719 t= 28.7s start_lag=668137.5ms completion_lag=668672.3ms
[STREAM] frame=1720 t= 28.7s start_lag=668656.9ms completion_lag=669195.9ms
[STREAM] frame=1721 t= 28.7s start_lag=669179.7ms completion_lag=669705.6ms
[STREAM] frame=1722 t= 28.7s start_lag=669690.0ms completion_lag=670224.9ms
[STREAM] frame=1723 t= 28.7s start_lag=670209.1ms completion_lag=670738.8ms
[STREAM] frame=1724 t= 28.7s start_lag=670722.6ms completion_lag=671253.2ms
[STREAM] frame=1725 t= 28.8s start_lag=671237.3ms completion_lag=671755.3ms
[STREAM] frame=1726 t= 28.8s start_lag=671739.0ms completion_lag=672278.5ms
[STREAM] frame=1727 t= 28.8s start_lag=672262.2ms completion_lag=672790.4ms
[STREAM] frame=1728 t= 28.8s start_lag=672774.1ms completion_lag=673318.0ms
[STREAM] frame=1729 t= 28.8s start_lag=673301.9ms completion_lag=673840.7ms
[STREAM] frame=1730 t= 28.8s start_lag=673825.2ms completion_lag=674386.0ms
[STREAM] frame=1731 t= 28.9s start_lag=674369.7ms completion_lag=674915.2ms
[STREAM] frame=1732 t= 28.9s start_lag=674898.9ms completion_lag=675446.0ms
[STREAM] frame=1733 t= 28.9s start_lag=675429.8ms completion_lag=675989.7ms
[STREAM] frame=1734 t= 28.9s start_lag=675973.4ms completion_lag=676530.7ms
[STREAM] frame=1735 t= 28.9s start_lag=676515.1ms completion_lag=677071.3ms
[STREAM] frame=1736 t= 28.9s start_lag=677055.5ms completion_lag=677605.6ms
[STREAM] frame=1737 t= 29.0s start_lag=677590.1ms completion_lag=678151.9ms
[STREAM] frame=1738 t= 29.0s start_lag=678135.6ms completion_lag=678684.0ms
[STREAM] frame=1739 t= 29.0s start_lag=678667.7ms completion_lag=679206.6ms
[STREAM] frame=1740 t= 29.0s start_lag=679190.3ms completion_lag=679736.1ms
FPS: 2.4550317140750635
[STREAM] frame=1741 t= 29.0s start_lag=679720.7ms completion_lag=680268.3ms
[STREAM] frame=1742 t= 29.0s start_lag=680252.7ms completion_lag=680795.7ms
[STREAM] frame=1743 t= 29.1s start_lag=680779.4ms completion_lag=681336.3ms
[STREAM] frame=1744 t= 29.1s start_lag=681320.8ms completion_lag=681877.5ms
[STREAM] frame=1745 t= 29.1s start_lag=681861.5ms completion_lag=682400.0ms
[STREAM] frame=1746 t= 29.1s start_lag=682383.7ms completion_lag=682940.9ms
[STREAM] frame=1747 t= 29.1s start_lag=682925.0ms completion_lag=683471.7ms
[STREAM] frame=1748 t= 29.1s start_lag=683456.1ms completion_lag=684043.5ms
[STREAM] frame=1749 t= 29.2s start_lag=684027.2ms completion_lag=684606.8ms
[STREAM] frame=1750 t= 29.2s start_lag=684591.3ms completion_lag=685179.3ms
[STREAM] frame=1751 t= 29.2s start_lag=685163.5ms completion_lag=685789.3ms
[STREAM] frame=1752 t= 29.2s start_lag=685773.4ms completion_lag=686367.3ms
[STREAM] frame=1753 t= 29.2s start_lag=686351.8ms completion_lag=686933.0ms
[STREAM] frame=1754 t= 29.2s start_lag=686917.1ms completion_lag=687504.4ms
[STREAM] frame=1755 t= 29.3s start_lag=687490.6ms completion_lag=688069.7ms
[STREAM] frame=1756 t= 29.3s start_lag=688053.8ms completion_lag=688643.0ms
[STREAM] frame=1757 t= 29.3s start_lag=688627.3ms completion_lag=689208.8ms
[STREAM] frame=1758 t= 29.3s start_lag=689193.1ms completion_lag=689805.7ms
[STREAM] frame=1759 t= 29.3s start_lag=689790.2ms completion_lag=690376.2ms
[STREAM] frame=1760 t= 29.3s start_lag=690360.0ms completion_lag=690961.2ms
[STREAM] frame=1761 t= 29.4s start_lag=690944.8ms completion_lag=691535.4ms
[STREAM] frame=1762 t= 29.4s start_lag=691519.1ms completion_lag=692110.6ms
[STREAM] frame=1763 t= 29.4s start_lag=692094.3ms completion_lag=692693.9ms
[STREAM] frame=1764 t= 29.4s start_lag=692678.4ms completion_lag=693255.3ms
[STREAM] frame=1765 t= 29.4s start_lag=693239.7ms completion_lag=693821.0ms
[STREAM] frame=1766 t= 29.4s start_lag=693805.4ms completion_lag=694068.3ms
[STREAM] frame=1767 t= 29.5s start_lag=694052.7ms completion_lag=694330.9ms
[STREAM] frame=1768 t= 29.5s start_lag=694315.5ms completion_lag=694580.1ms
[STREAM] frame=1769 t= 29.5s start_lag=694564.4ms completion_lag=694828.7ms
[STREAM] frame=1770 t= 29.5s start_lag=694812.5ms completion_lag=695086.8ms
FPS: 2.442728328208197
[STREAM] frame=1771 t= 29.5s start_lag=695070.5ms completion_lag=695328.9ms
[STREAM] frame=1772 t= 29.5s start_lag=695313.3ms completion_lag=695586.9ms
[STREAM] frame=1773 t= 29.6s start_lag=695571.3ms completion_lag=695844.4ms
[STREAM] frame=1774 t= 29.6s start_lag=695828.8ms completion_lag=696103.8ms
[STREAM] frame=1775 t= 29.6s start_lag=696088.5ms completion_lag=696376.9ms
[STREAM] frame=1776 t= 29.6s start_lag=696360.7ms completion_lag=696648.8ms
[STREAM] frame=1777 t= 29.6s start_lag=696632.6ms completion_lag=696903.8ms
[STREAM] frame=1778 t= 29.6s start_lag=696887.5ms completion_lag=697167.3ms
[STREAM] frame=1779 t= 29.7s start_lag=697153.1ms completion_lag=697415.5ms
[STREAM] frame=1780 t= 29.7s start_lag=697399.2ms completion_lag=697681.8ms
[STREAM] frame=1781 t= 29.7s start_lag=697665.5ms completion_lag=697949.3ms
[STREAM] frame=1782 t= 29.7s start_lag=697933.8ms completion_lag=698245.2ms
[STREAM] frame=1783 t= 29.7s start_lag=698229.0ms completion_lag=698539.5ms
[STREAM] frame=1784 t= 29.7s start_lag=698524.1ms completion_lag=698831.9ms
[STREAM] frame=1785 t= 29.8s start_lag=698815.7ms completion_lag=699099.6ms
[STREAM] frame=1786 t= 29.8s start_lag=699083.4ms completion_lag=699369.2ms
[STREAM] frame=1787 t= 29.8s start_lag=699353.6ms completion_lag=699640.4ms
[STREAM] frame=1788 t= 29.8s start_lag=699624.5ms completion_lag=699907.4ms
[STREAM] frame=1789 t= 29.8s start_lag=699892.0ms completion_lag=700181.0ms
[STREAM] frame=1790 t= 29.8s start_lag=700164.7ms completion_lag=700464.2ms
[STREAM] frame=1791 t= 29.9s start_lag=700447.9ms completion_lag=700755.6ms
[STREAM] frame=1792 t= 29.9s start_lag=700739.4ms completion_lag=701047.9ms
[STREAM] frame=1793 t= 29.9s start_lag=701032.4ms completion_lag=701320.3ms
[STREAM] frame=1794 t= 29.9s start_lag=701304.0ms completion_lag=701591.0ms
[STREAM] frame=1795 t= 29.9s start_lag=701574.9ms completion_lag=701866.3ms
[STREAM] frame=1796 t= 29.9s start_lag=701851.0ms completion_lag=702142.3ms
[STREAM] frame=1797 t= 30.0s start_lag=702126.4ms completion_lag=702431.8ms
[STREAM] frame=1798 t= 30.0s start_lag=702415.5ms completion_lag=702737.4ms
[STREAM] frame=1799 t= 30.0s start_lag=702721.2ms completion_lag=703022.6ms
[STREAM] frame=1800 t= 30.0s start_lag=703007.0ms completion_lag=703317.1ms
FPS: 2.4545549065090846
[STREAM] frame=1801 t= 30.0s start_lag=703300.8ms completion_lag=703610.2ms
[STREAM] frame=1802 t= 30.0s start_lag=703594.5ms completion_lag=703905.1ms
[STREAM] frame=1803 t= 30.1s start_lag=703889.5ms completion_lag=704197.8ms
[STREAM] frame=1804 t= 30.1s start_lag=704181.8ms completion_lag=704492.4ms
[STREAM] frame=1805 t= 30.1s start_lag=704476.5ms completion_lag=704776.0ms
[STREAM] frame=1806 t= 30.1s start_lag=704759.7ms completion_lag=705064.6ms
[STREAM] frame=1807 t= 30.1s start_lag=705048.3ms completion_lag=705377.9ms
[STREAM] frame=1808 t= 30.1s start_lag=705362.4ms completion_lag=705681.9ms
[STREAM] frame=1809 t= 30.2s start_lag=705666.3ms completion_lag=705984.3ms
[STREAM] frame=1810 t= 30.2s start_lag=705968.7ms completion_lag=706275.1ms
[STREAM] frame=1811 t= 30.2s start_lag=706258.8ms completion_lag=706568.5ms
[STREAM] frame=1812 t= 30.2s start_lag=706552.3ms completion_lag=706862.4ms
[STREAM] frame=1813 t= 30.2s start_lag=706846.2ms completion_lag=707174.0ms
[STREAM] frame=1814 t= 30.2s start_lag=707158.4ms completion_lag=707501.8ms
[STREAM] frame=1815 t= 30.3s start_lag=707485.5ms completion_lag=707824.3ms
[STREAM] frame=1816 t= 30.3s start_lag=707809.3ms completion_lag=708150.5ms
[STREAM] frame=1817 t= 30.3s start_lag=708135.0ms completion_lag=708451.6ms
[STREAM] frame=1818 t= 30.3s start_lag=708435.3ms completion_lag=708763.7ms
[STREAM] frame=1819 t= 30.3s start_lag=708748.0ms completion_lag=709250.6ms
[STREAM] frame=1820 t= 30.3s start_lag=709235.0ms completion_lag=709553.6ms
[STREAM] frame=1821 t= 30.4s start_lag=709537.4ms completion_lag=709851.6ms
[STREAM] frame=1822 t= 30.4s start_lag=709836.0ms completion_lag=710162.0ms
[STREAM] frame=1823 t= 30.4s start_lag=710145.7ms completion_lag=710495.4ms
[STREAM] frame=1824 t= 30.4s start_lag=710479.9ms completion_lag=710799.4ms
[STREAM] frame=1825 t= 30.4s start_lag=710783.9ms completion_lag=711114.4ms
[STREAM] frame=1826 t= 30.4s start_lag=711098.3ms completion_lag=711418.7ms
[STREAM] frame=1827 t= 30.5s start_lag=711402.7ms completion_lag=711725.8ms
[STREAM] frame=1828 t= 30.5s start_lag=711709.6ms completion_lag=712023.3ms
[STREAM] frame=1829 t= 30.5s start_lag=712007.3ms completion_lag=712343.6ms
[STREAM] frame=1830 t= 30.5s start_lag=712327.8ms completion_lag=712677.1ms
FPS: 2.4623550708122437
[STREAM] frame=1831 t= 30.5s start_lag=712661.5ms completion_lag=713002.6ms
[STREAM] frame=1832 t= 30.5s start_lag=712986.3ms completion_lag=713328.3ms
[STREAM] frame=1833 t= 30.6s start_lag=713312.2ms completion_lag=713649.4ms
[STREAM] frame=1834 t= 30.6s start_lag=713634.4ms completion_lag=713968.4ms
[STREAM] frame=1835 t= 30.6s start_lag=713952.1ms completion_lag=714290.2ms
[STREAM] frame=1836 t= 30.6s start_lag=714274.4ms completion_lag=714611.7ms
[STREAM] frame=1837 t= 30.6s start_lag=714596.2ms completion_lag=714925.5ms
[STREAM] frame=1838 t= 30.6s start_lag=714910.0ms completion_lag=715257.2ms
[STREAM] frame=1839 t= 30.7s start_lag=715241.0ms completion_lag=715582.0ms
[STREAM] frame=1840 t= 30.7s start_lag=715566.0ms completion_lag=715913.2ms
[STREAM] frame=1841 t= 30.7s start_lag=715897.5ms completion_lag=716233.5ms
[STREAM] frame=1842 t= 30.7s start_lag=716217.8ms completion_lag=716557.2ms
[STREAM] frame=1843 t= 30.7s start_lag=716541.5ms completion_lag=716888.4ms
[STREAM] frame=1844 t= 30.7s start_lag=716872.8ms completion_lag=717222.5ms
[STREAM] frame=1845 t= 30.8s start_lag=717207.9ms completion_lag=717564.4ms
[STREAM] frame=1846 t= 30.8s start_lag=717549.0ms completion_lag=717911.4ms
[STREAM] frame=1847 t= 30.8s start_lag=717895.2ms completion_lag=718294.1ms
[STREAM] frame=1848 t= 30.8s start_lag=718278.0ms completion_lag=718676.5ms
[STREAM] frame=1849 t= 30.8s start_lag=718661.0ms completion_lag=719038.6ms
[STREAM] frame=1850 t= 30.8s start_lag=719022.6ms completion_lag=719375.0ms
[STREAM] frame=1851 t= 30.9s start_lag=719359.6ms completion_lag=719715.5ms
[STREAM] frame=1852 t= 30.9s start_lag=719699.2ms completion_lag=720059.9ms
[STREAM] frame=1853 t= 30.9s start_lag=720043.6ms completion_lag=720400.2ms
[STREAM] frame=1854 t= 30.9s start_lag=720383.9ms completion_lag=720756.6ms
[STREAM] frame=1855 t= 30.9s start_lag=720740.9ms completion_lag=721102.5ms
[STREAM] frame=1856 t= 30.9s start_lag=721086.2ms completion_lag=721449.2ms
[STREAM] frame=1857 t= 31.0s start_lag=721433.6ms completion_lag=721798.2ms
[STREAM] frame=1858 t= 31.0s start_lag=721781.9ms completion_lag=722158.8ms
[STREAM] frame=1859 t= 31.0s start_lag=722142.9ms completion_lag=722514.6ms
[STREAM] frame=1860 t= 31.0s start_lag=722499.0ms completion_lag=722874.3ms
FPS: 2.4672079188419644
[STREAM] frame=1861 t= 31.0s start_lag=722858.4ms completion_lag=723241.7ms
[STREAM] frame=1862 t= 31.0s start_lag=723226.0ms completion_lag=723615.8ms
[STREAM] frame=1863 t= 31.1s start_lag=723599.8ms completion_lag=723997.4ms
[STREAM] frame=1864 t= 31.1s start_lag=723981.1ms completion_lag=724386.2ms
[STREAM] frame=1865 t= 31.1s start_lag=724370.6ms completion_lag=724781.2ms
[STREAM] frame=1866 t= 31.1s start_lag=724764.9ms completion_lag=725170.6ms
[STREAM] frame=1867 t= 31.1s start_lag=725154.5ms completion_lag=725548.9ms
[STREAM] frame=1868 t= 31.1s start_lag=725532.6ms completion_lag=725927.2ms
[STREAM] frame=1869 t= 31.2s start_lag=725911.6ms completion_lag=726309.2ms
[STREAM] frame=1870 t= 31.2s start_lag=726293.1ms completion_lag=726679.4ms
[STREAM] frame=1871 t= 31.2s start_lag=726663.1ms completion_lag=727288.0ms
[STREAM] frame=1872 t= 31.2s start_lag=727272.6ms completion_lag=727676.8ms
[STREAM] frame=1873 t= 31.2s start_lag=727661.2ms completion_lag=728067.7ms
[STREAM] frame=1874 t= 31.2s start_lag=728052.2ms completion_lag=728444.0ms
[STREAM] frame=1875 t= 31.3s start_lag=728427.7ms completion_lag=728836.3ms
[STREAM] frame=1876 t= 31.3s start_lag=728820.9ms completion_lag=729222.8ms
[STREAM] frame=1877 t= 31.3s start_lag=729207.3ms completion_lag=729613.7ms
[STREAM] frame=1878 t= 31.3s start_lag=729597.5ms completion_lag=730002.1ms
[STREAM] frame=1879 t= 31.3s start_lag=729986.5ms completion_lag=730398.7ms
[STREAM] frame=1880 t= 31.3s start_lag=730382.4ms completion_lag=730808.9ms
[STREAM] frame=1881 t= 31.4s start_lag=730793.3ms completion_lag=731214.2ms
[STREAM] frame=1882 t= 31.4s start_lag=731198.2ms completion_lag=731621.3ms
[STREAM] frame=1883 t= 31.4s start_lag=731605.6ms completion_lag=732031.8ms
[STREAM] frame=1884 t= 31.4s start_lag=732015.5ms completion_lag=732433.8ms
[STREAM] frame=1885 t= 31.4s start_lag=732417.6ms completion_lag=732857.4ms
[STREAM] frame=1886 t= 31.4s start_lag=732841.6ms completion_lag=733255.0ms
[STREAM] frame=1887 t= 31.5s start_lag=733238.8ms completion_lag=733652.6ms
[STREAM] frame=1888 t= 31.5s start_lag=733637.0ms completion_lag=734084.9ms
[STREAM] frame=1889 t= 31.5s start_lag=734068.6ms completion_lag=734487.3ms
[STREAM] frame=1890 t= 31.5s start_lag=734471.0ms completion_lag=734894.4ms
FPS: 2.466045309162956
[STREAM] frame=1891 t= 31.5s start_lag=734878.1ms completion_lag=735309.4ms
[STREAM] frame=1892 t= 31.5s start_lag=735293.7ms completion_lag=735711.1ms
[STREAM] frame=1893 t= 31.6s start_lag=735695.5ms completion_lag=736107.8ms
[STREAM] frame=1894 t= 31.6s start_lag=736092.2ms completion_lag=736519.7ms
[STREAM] frame=1895 t= 31.6s start_lag=736504.1ms completion_lag=736935.0ms
[STREAM] frame=1896 t= 31.6s start_lag=736919.3ms completion_lag=737359.1ms
[STREAM] frame=1897 t= 31.6s start_lag=737342.9ms completion_lag=737770.2ms
[STREAM] frame=1898 t= 31.6s start_lag=737753.9ms completion_lag=738205.8ms
[STREAM] frame=1899 t= 31.7s start_lag=738189.9ms completion_lag=738628.2ms
[STREAM] frame=1900 t= 31.7s start_lag=738612.5ms completion_lag=739048.6ms
[STREAM] frame=1901 t= 31.7s start_lag=739032.9ms completion_lag=739462.8ms
[STREAM] frame=1902 t= 31.7s start_lag=739447.1ms completion_lag=739903.4ms
[STREAM] frame=1903 t= 31.7s start_lag=739887.7ms completion_lag=740319.0ms
[STREAM] frame=1904 t= 31.7s start_lag=740303.3ms completion_lag=740749.0ms
[STREAM] frame=1905 t= 31.8s start_lag=740732.8ms completion_lag=741187.7ms
[STREAM] frame=1906 t= 31.8s start_lag=741171.7ms completion_lag=741614.8ms
[STREAM] frame=1907 t= 31.8s start_lag=741598.6ms completion_lag=742051.5ms
[STREAM] frame=1908 t= 31.8s start_lag=742035.5ms completion_lag=742481.0ms
[STREAM] frame=1909 t= 31.8s start_lag=742464.7ms completion_lag=742918.5ms
[STREAM] frame=1910 t= 31.8s start_lag=742902.5ms completion_lag=743349.3ms
[STREAM] frame=1911 t= 31.9s start_lag=743333.7ms completion_lag=743793.9ms
[STREAM] frame=1912 t= 31.9s start_lag=743777.7ms completion_lag=744257.1ms
[STREAM] frame=1913 t= 31.9s start_lag=744241.8ms completion_lag=744717.4ms
[STREAM] frame=1914 t= 31.9s start_lag=744701.8ms completion_lag=745148.5ms
[STREAM] frame=1915 t= 31.9s start_lag=745133.0ms completion_lag=745580.0ms
[STREAM] frame=1916 t= 31.9s start_lag=745564.1ms completion_lag=746022.9ms
[STREAM] frame=1917 t= 32.0s start_lag=746007.3ms completion_lag=746474.5ms
[STREAM] frame=1918 t= 32.0s start_lag=746458.2ms completion_lag=746914.1ms
[STREAM] frame=1919 t= 32.0s start_lag=746898.5ms completion_lag=747358.6ms
[STREAM] frame=1920 t= 32.0s start_lag=747342.4ms completion_lag=747822.8ms
FPS: 2.4620491823915596
[STREAM] frame=1921 t= 32.0s start_lag=747806.8ms completion_lag=748259.1ms
[STREAM] frame=1922 t= 32.0s start_lag=748243.3ms completion_lag=748700.6ms
[STREAM] frame=1923 t= 32.1s start_lag=748684.7ms completion_lag=749145.9ms
[STREAM] frame=1924 t= 32.1s start_lag=749130.2ms completion_lag=749579.5ms
[STREAM] frame=1925 t= 32.1s start_lag=749563.3ms completion_lag=750039.2ms
[STREAM] frame=1926 t= 32.1s start_lag=750023.0ms completion_lag=750496.9ms
[STREAM] frame=1927 t= 32.1s start_lag=750480.7ms completion_lag=750946.3ms
[STREAM] frame=1928 t= 32.1s start_lag=750930.8ms completion_lag=751405.5ms
[STREAM] frame=1929 t= 32.2s start_lag=751389.3ms completion_lag=751858.5ms
[STREAM] frame=1930 t= 32.2s start_lag=751843.1ms completion_lag=752308.7ms
[STREAM] frame=1931 t= 32.2s start_lag=752292.5ms completion_lag=752746.6ms
[STREAM] frame=1932 t= 32.2s start_lag=752730.7ms completion_lag=753203.4ms
[STREAM] frame=1933 t= 32.2s start_lag=753187.2ms completion_lag=753669.9ms
[STREAM] frame=1934 t= 32.2s start_lag=753654.1ms completion_lag=754113.7ms
[STREAM] frame=1935 t= 32.3s start_lag=754098.1ms completion_lag=754579.2ms
[STREAM] frame=1936 t= 32.3s start_lag=754564.2ms completion_lag=755043.2ms
[STREAM] frame=1937 t= 32.3s start_lag=755027.5ms completion_lag=755519.1ms
[STREAM] frame=1938 t= 32.3s start_lag=755502.8ms completion_lag=755985.2ms
[STREAM] frame=1939 t= 32.3s start_lag=755968.9ms completion_lag=756434.7ms
[STREAM] frame=1940 t= 32.3s start_lag=756419.1ms completion_lag=756884.5ms
[STREAM] frame=1941 t= 32.4s start_lag=756868.6ms completion_lag=757329.0ms
[STREAM] frame=1942 t= 32.4s start_lag=757313.2ms completion_lag=757780.2ms
[STREAM] frame=1943 t= 32.4s start_lag=757764.4ms completion_lag=758242.2ms
[STREAM] frame=1944 t= 32.4s start_lag=758225.9ms completion_lag=758701.2ms
[STREAM] frame=1945 t= 32.4s start_lag=758685.0ms completion_lag=759166.3ms
[STREAM] frame=1946 t= 32.4s start_lag=759150.2ms completion_lag=759629.0ms
[STREAM] frame=1947 t= 32.5s start_lag=759612.7ms completion_lag=760100.0ms
[STREAM] frame=1948 t= 32.5s start_lag=760083.9ms completion_lag=760582.2ms
[STREAM] frame=1949 t= 32.5s start_lag=760566.6ms completion_lag=761076.9ms
[STREAM] frame=1950 t= 32.5s start_lag=761061.3ms completion_lag=761544.8ms
FPS: 2.4557318204650858
[STREAM] frame=1951 t= 32.5s start_lag=761528.6ms completion_lag=762024.3ms
[STREAM] frame=1952 t= 32.5s start_lag=762008.6ms completion_lag=762509.1ms
[STREAM] frame=1953 t= 32.6s start_lag=762493.2ms completion_lag=762996.0ms
[STREAM] frame=1954 t= 32.6s start_lag=762979.7ms completion_lag=763474.2ms
[STREAM] frame=1955 t= 32.6s start_lag=763458.5ms completion_lag=763937.5ms
[STREAM] frame=1956 t= 32.6s start_lag=763921.8ms completion_lag=764431.1ms
[STREAM] frame=1957 t= 32.6s start_lag=764415.4ms completion_lag=764934.2ms
[STREAM] frame=1958 t= 32.6s start_lag=764918.0ms completion_lag=765416.3ms
[STREAM] frame=1959 t= 32.7s start_lag=765400.1ms completion_lag=765904.6ms
[STREAM] frame=1960 t= 32.7s start_lag=765889.0ms completion_lag=766408.2ms
[STREAM] frame=1961 t= 32.7s start_lag=766391.9ms completion_lag=766894.8ms
[STREAM] frame=1962 t= 32.7s start_lag=766879.0ms completion_lag=767376.1ms
[STREAM] frame=1963 t= 32.7s start_lag=767359.8ms completion_lag=767858.8ms
[STREAM] frame=1964 t= 32.7s start_lag=767843.2ms completion_lag=768353.1ms
[STREAM] frame=1965 t= 32.8s start_lag=768337.4ms completion_lag=768829.6ms
[STREAM] frame=1966 t= 32.8s start_lag=768813.3ms completion_lag=769304.0ms
[STREAM] frame=1967 t= 32.8s start_lag=769288.4ms completion_lag=769784.4ms
[STREAM] frame=1968 t= 32.8s start_lag=769768.6ms completion_lag=770260.9ms
[STREAM] frame=1969 t= 32.8s start_lag=770244.6ms completion_lag=770730.6ms
[STREAM] frame=1970 t= 32.8s start_lag=770714.3ms completion_lag=771208.1ms
[STREAM] frame=1971 t= 32.9s start_lag=771191.8ms completion_lag=771680.1ms
[STREAM] frame=1972 t= 32.9s start_lag=771664.3ms completion_lag=772156.6ms
[STREAM] frame=1973 t= 32.9s start_lag=772140.9ms completion_lag=772671.4ms
[STREAM] frame=1974 t= 32.9s start_lag=772655.1ms completion_lag=773164.3ms
[STREAM] frame=1975 t= 32.9s start_lag=773148.7ms completion_lag=773644.3ms
[STREAM] frame=1976 t= 32.9s start_lag=773628.0ms completion_lag=774155.0ms
[STREAM] frame=1977 t= 33.0s start_lag=774139.3ms completion_lag=774639.2ms
[STREAM] frame=1978 t= 33.0s start_lag=774622.9ms completion_lag=775118.6ms
[STREAM] frame=1979 t= 33.0s start_lag=775102.3ms completion_lag=775612.1ms
[STREAM] frame=1980 t= 33.0s start_lag=775596.1ms completion_lag=776111.5ms
FPS: 2.4470792371574106
[STREAM] frame=1981 t= 33.0s start_lag=776095.9ms completion_lag=776600.6ms
[STREAM] frame=1982 t= 33.0s start_lag=776584.9ms completion_lag=777121.6ms
[STREAM] frame=1983 t= 33.1s start_lag=777106.0ms completion_lag=777644.4ms
[STREAM] frame=1984 t= 33.1s start_lag=777628.2ms completion_lag=778163.5ms
[STREAM] frame=1985 t= 33.1s start_lag=778147.9ms completion_lag=778685.8ms
[STREAM] frame=1986 t= 33.1s start_lag=778670.0ms completion_lag=779186.5ms
[STREAM] frame=1987 t= 33.1s start_lag=779170.4ms completion_lag=779677.1ms
[STREAM] frame=1988 t= 33.1s start_lag=779660.9ms completion_lag=780197.0ms
[STREAM] frame=1989 t= 33.2s start_lag=780180.7ms completion_lag=780699.5ms
[STREAM] frame=1990 t= 33.2s start_lag=780683.8ms completion_lag=781186.3ms
[STREAM] frame=1991 t= 33.2s start_lag=781170.0ms completion_lag=781686.8ms
[STREAM] frame=1992 t= 33.2s start_lag=781670.8ms completion_lag=782205.7ms
[STREAM] frame=1993 t= 33.2s start_lag=782190.0ms completion_lag=782716.0ms
[STREAM] frame=1994 t= 33.2s start_lag=782699.7ms completion_lag=783245.9ms
[STREAM] frame=1995 t= 33.3s start_lag=783229.7ms completion_lag=783743.8ms
[STREAM] frame=1996 t= 33.3s start_lag=783727.5ms completion_lag=784252.3ms
[STREAM] frame=1997 t= 33.3s start_lag=784236.0ms completion_lag=784746.3ms
[STREAM] frame=1998 t= 33.3s start_lag=784730.7ms completion_lag=785272.4ms
[STREAM] frame=1999 t= 33.3s start_lag=785256.1ms completion_lag=785805.3ms
[STREAM] frame=2000 t= 33.4s start_lag=785789.0ms completion_lag=786344.5ms
[STREAM] frame=2001 t= 33.4s start_lag=786328.3ms completion_lag=786902.9ms
[STREAM] frame=2002 t= 33.4s start_lag=786886.6ms completion_lag=787431.0ms
[STREAM] frame=2003 t= 33.4s start_lag=787414.8ms completion_lag=787984.1ms
[STREAM] frame=2004 t= 33.4s start_lag=787968.4ms completion_lag=788529.0ms
[STREAM] frame=2005 t= 33.4s start_lag=788512.7ms completion_lag=789084.9ms
[STREAM] frame=2006 t= 33.5s start_lag=789069.2ms completion_lag=789630.4ms
[STREAM] frame=2007 t= 33.5s start_lag=789614.2ms completion_lag=790160.0ms
[STREAM] frame=2008 t= 33.5s start_lag=790143.7ms completion_lag=790702.4ms
[STREAM] frame=2009 t= 33.5s start_lag=790686.8ms completion_lag=791248.3ms
[STREAM] frame=2010 t= 33.5s start_lag=791232.6ms completion_lag=791807.3ms
FPS: 2.4354066927109983
[STREAM] frame=2011 t= 33.5s start_lag=791791.7ms completion_lag=792358.7ms
[STREAM] frame=2012 t= 33.6s start_lag=792342.5ms completion_lag=792899.4ms
[STREAM] frame=2013 t= 33.6s start_lag=792883.1ms completion_lag=793443.5ms
[STREAM] frame=2014 t= 33.6s start_lag=793427.9ms completion_lag=793990.0ms
[STREAM] frame=2015 t= 33.6s start_lag=793974.0ms completion_lag=794538.5ms
[STREAM] frame=2016 t= 33.6s start_lag=794522.8ms completion_lag=794775.0ms
[STREAM] frame=2017 t= 33.6s start_lag=794759.4ms completion_lag=795022.9ms
[STREAM] frame=2018 t= 33.7s start_lag=795006.7ms completion_lag=795263.8ms
[STREAM] frame=2019 t= 33.7s start_lag=795248.2ms completion_lag=795475.7ms
[STREAM] frame=2020 t= 33.7s start_lag=795460.0ms completion_lag=795707.1ms
[STREAM] frame=2021 t= 33.7s start_lag=795691.4ms completion_lag=795934.4ms
[STREAM] frame=2022 t= 33.7s start_lag=795918.7ms completion_lag=796167.5ms
[STREAM] frame=2023 t= 33.7s start_lag=796151.4ms completion_lag=796410.1ms
[STREAM] frame=2024 t= 33.8s start_lag=796394.5ms completion_lag=796642.9ms
[STREAM] frame=2025 t= 33.8s start_lag=796626.7ms completion_lag=796898.8ms
[STREAM] frame=2026 t= 33.8s start_lag=796883.1ms completion_lag=797149.3ms
[STREAM] frame=2027 t= 33.8s start_lag=797133.0ms completion_lag=797404.7ms
[STREAM] frame=2028 t= 33.8s start_lag=797388.4ms completion_lag=797660.7ms
[STREAM] frame=2029 t= 33.8s start_lag=797645.0ms completion_lag=797887.3ms
[STREAM] frame=2030 t= 33.9s start_lag=797871.1ms completion_lag=798131.7ms
[STREAM] frame=2031 t= 33.9s start_lag=798115.4ms completion_lag=798391.1ms
[STREAM] frame=2032 t= 33.9s start_lag=798375.2ms completion_lag=798641.8ms
[STREAM] frame=2033 t= 33.9s start_lag=798625.6ms completion_lag=798880.5ms
[STREAM] frame=2034 t= 33.9s start_lag=798864.3ms completion_lag=799112.6ms
[STREAM] frame=2035 t= 33.9s start_lag=799096.7ms completion_lag=799356.3ms
[STREAM] frame=2036 t= 34.0s start_lag=799340.0ms completion_lag=799589.3ms
[STREAM] frame=2037 t= 34.0s start_lag=799573.3ms completion_lag=799844.3ms
[STREAM] frame=2038 t= 34.0s start_lag=799828.2ms completion_lag=800095.6ms
[STREAM] frame=2039 t= 34.0s start_lag=800079.6ms completion_lag=800354.0ms
[STREAM] frame=2040 t= 34.0s start_lag=800337.7ms completion_lag=800621.9ms
FPS: 2.4441697575389805
[STREAM] frame=2041 t= 34.0s start_lag=800605.6ms completion_lag=800882.4ms
[STREAM] frame=2042 t= 34.1s start_lag=800866.9ms completion_lag=801122.1ms
[STREAM] frame=2043 t= 34.1s start_lag=801105.8ms completion_lag=801371.4ms
[STREAM] frame=2044 t= 34.1s start_lag=801355.8ms completion_lag=801610.8ms
[STREAM] frame=2045 t= 34.1s start_lag=801594.5ms completion_lag=801857.6ms
[STREAM] frame=2046 t= 34.1s start_lag=801841.8ms completion_lag=802131.3ms
[STREAM] frame=2047 t= 34.1s start_lag=802115.0ms completion_lag=802408.8ms
[STREAM] frame=2048 t= 34.2s start_lag=802392.6ms completion_lag=802660.4ms
[STREAM] frame=2049 t= 34.2s start_lag=802644.1ms completion_lag=802898.9ms
[STREAM] frame=2050 t= 34.2s start_lag=802883.2ms completion_lag=803141.1ms
[STREAM] frame=2051 t= 34.2s start_lag=803124.8ms completion_lag=803387.2ms
[STREAM] frame=2052 t= 34.2s start_lag=803370.9ms completion_lag=803639.9ms
[STREAM] frame=2053 t= 34.2s start_lag=803623.6ms completion_lag=803884.0ms
[STREAM] frame=2054 t= 34.3s start_lag=803868.3ms completion_lag=804153.6ms
[STREAM] frame=2055 t= 34.3s start_lag=804137.6ms completion_lag=804410.9ms
[STREAM] frame=2056 t= 34.3s start_lag=804394.6ms completion_lag=804676.5ms
[STREAM] frame=2057 t= 34.3s start_lag=804660.4ms completion_lag=804925.6ms
[STREAM] frame=2058 t= 34.3s start_lag=804909.5ms completion_lag=805167.6ms
[STREAM] frame=2059 t= 34.3s start_lag=805151.3ms completion_lag=805436.8ms
[STREAM] frame=2060 t= 34.4s start_lag=805420.5ms completion_lag=805714.2ms
[STREAM] frame=2061 t= 34.4s start_lag=805698.5ms completion_lag=805970.0ms
[STREAM] frame=2062 t= 34.4s start_lag=805954.3ms completion_lag=806226.4ms
[STREAM] frame=2063 t= 34.4s start_lag=806210.1ms completion_lag=806488.3ms
[STREAM] frame=2064 t= 34.4s start_lag=806472.0ms completion_lag=806785.4ms
[STREAM] frame=2065 t= 34.4s start_lag=806769.2ms completion_lag=807057.7ms
[STREAM] frame=2066 t= 34.5s start_lag=807041.9ms completion_lag=807343.2ms
[STREAM] frame=2067 t= 34.5s start_lag=807327.5ms completion_lag=807624.6ms
[STREAM] frame=2068 t= 34.5s start_lag=807608.3ms completion_lag=807893.3ms
[STREAM] frame=2069 t= 34.5s start_lag=807877.1ms completion_lag=808164.0ms
[STREAM] frame=2070 t= 34.5s start_lag=808147.6ms completion_lag=808430.4ms
FPS: 2.455666612970265
[STREAM] frame=2071 t= 34.5s start_lag=808415.0ms completion_lag=808703.9ms
[STREAM] frame=2072 t= 34.6s start_lag=808688.3ms completion_lag=808972.4ms
[STREAM] frame=2073 t= 34.6s start_lag=808956.1ms completion_lag=809241.7ms
[STREAM] frame=2074 t= 34.6s start_lag=809225.4ms completion_lag=809528.1ms
[STREAM] frame=2075 t= 34.6s start_lag=809511.8ms completion_lag=809824.3ms
[STREAM] frame=2076 t= 34.6s start_lag=809808.0ms completion_lag=810118.0ms
[STREAM] frame=2077 t= 34.6s start_lag=810101.7ms completion_lag=810398.6ms
[STREAM] frame=2078 t= 34.7s start_lag=810382.8ms completion_lag=810667.5ms
[STREAM] frame=2079 t= 34.7s start_lag=810651.3ms completion_lag=810946.9ms
[STREAM] frame=2080 t= 34.7s start_lag=810930.6ms completion_lag=811240.6ms
[STREAM] frame=2081 t= 34.7s start_lag=811224.3ms completion_lag=811525.6ms
[STREAM] frame=2082 t= 34.7s start_lag=811509.9ms completion_lag=811799.8ms
[STREAM] frame=2083 t= 34.7s start_lag=811784.1ms completion_lag=812073.5ms
[STREAM] frame=2084 t= 34.8s start_lag=812057.4ms completion_lag=812353.9ms
[STREAM] frame=2085 t= 34.8s start_lag=812337.6ms completion_lag=812622.5ms
[STREAM] frame=2086 t= 34.8s start_lag=812606.3ms completion_lag=812893.8ms
[STREAM] frame=2087 t= 34.8s start_lag=812877.7ms completion_lag=813160.2ms
[STREAM] frame=2088 t= 34.8s start_lag=813143.8ms completion_lag=813427.9ms
[STREAM] frame=2089 t= 34.8s start_lag=813412.3ms completion_lag=813698.7ms
[STREAM] frame=2090 t= 34.9s start_lag=813682.4ms completion_lag=813985.0ms
[STREAM] frame=2091 t= 34.9s start_lag=813968.9ms completion_lag=814285.1ms
[STREAM] frame=2092 t= 34.9s start_lag=814268.9ms completion_lag=814580.2ms
[STREAM] frame=2093 t= 34.9s start_lag=814563.9ms completion_lag=814872.3ms
[STREAM] frame=2094 t= 34.9s start_lag=814856.0ms completion_lag=815140.1ms
[STREAM] frame=2095 t= 34.9s start_lag=815124.4ms completion_lag=815407.5ms
[STREAM] frame=2096 t= 35.0s start_lag=815391.4ms completion_lag=815677.4ms

======================================
REAL-TIME STREAM BENCHMARK
======================================
Frames processed       : 2097
Input stream span      : 1048.000 s
Streaming elapsed      : 850.631 s
Average start lag      : 399386.3 ms
Maximum start lag      : 815391.4 ms
Maximum completion lag : 815677.4 ms
STREAM STATUS           : BACKLOG DETECTED
======================================

done

TOTAL_WALL_TIME=875.79 sec
MAX_RSS=7183588 KB
